Symbol;PriceChangePercentile
1ADS;12.04315200
1AHO;8.80000000
1AI3;12.74521600
1AIR;8.80000000
1ALV;11.93186900
1ASM;14.03035900
1AXA;14.77812700
1BAS;11.76806800
1BAY;11.59036200
1BBV;14.09472400
1BMW;10.21249700
1BNP;13.77418500
1BSN;8.80000000
1COF;12.60000000
1COP;8.80000000
1COV;163.82797300
1CRG;11.55768500
1DAI;12.24116200
1DPW;12.98542300
1DTE;8.80000000
1E3B;19.12114900
1EAD;15.85804500
1EDS;9.98850400
1EFC;9.80618600
1EFX;9.87356700
1ENL;11.43038300
1ENM;11.43038300
1ENO;12.53223800
1ENT;12.53223800
1FRE;11.52335500
1FTE;8.80000000
1GZF;9.97179600
1IBE;8.80000000
1IES;14.85657400
1INN;20.18510400
1ITK;10.16543200
1IXD;10.64723400
1KDB;19.73212600
1LIF;15.92846300
1LIN;8.80000000
1LOR;8.80000000
1MOH;10.45532200
1MTA;12.13800700
1MU2;9.78712100
1NDB;11.03471200
1NEF;12.08821500
1NO3;11.95641300
1PH1;14.31599700
1PPX;11.55383500
1R6C;11.07568700
1SAN;14.28037000
1SAP;8.80000000
1SEJ;14.07311200
1SGE;15.96654300
1SIE;11.87508500
1SMP;9.58689200
1SND;11.29013900
1SNW;8.80000000
1SQU;10.77421900
1TEF;9.92166600
1TOT;10.33059300
1UBL;17.69874800
1UNI;8.80000000
1VO3;12.28724300
1VVU;8.80000000
2FE;191.20280100
34DF;11.53629600
6CMF;10.03317200
7AA;388.21307500
7AAF;12.95887000
7PIF;11.05283900
A2AL;5.31438700
A2BB;34013.01353700
A2BN;18769.20528200
A2BV;3.57409400
A2CF;78379.37717700
A2CR;89813.05991500
A2DE;34797.78724200
A2DS;207289.75910900
A2DY;52218681.51851900
A2EN;9854.84058700
A2GS;100413.28060300
A2IT;80090.08129700
A2LV;202012.24250300
A2MZ;4599838.02000000
A2NA;320391.06289800
A2NN;8.80000000
A2NZ;67966.09908300
A2OP;45839.74305300
A2PF;4.07883500
A2SG;15849.65163200
A2SI;606364.49814100
A2SM;5.52393400
A2SR;58253.71820300
A2V;5.78023300
A2XA;33448.40346100
A2XI;60790.49519700
A2ZN;3.25260400
A3AL;6.44163800
A3AP;7.83932300
A3HO;25192.20724100
A3KU;71611.57690500
A3NN;32991.25724700
A3V;5.78023300
A5OM;62357.70233000
A6IR;0.85507200
A7IR;140370.60112200
A8IR;109177.89233400
AA9F;12.19385900
AAI;664.72785400
AAIF;11.61963400
AAIG;11.61224700
AALG;15.31642000
AAPH;10.25433600
AAR;134.45827200
ABB1;932.74574900
ABB2;560.87524200
ABB4;1682.41190300
ABB5;383.59506000
ABBE;234.96353900
ABBF;8.73198800
ABBN;286.70326000
ABBP;9.60609700
ABFF;10.08037500
ABNF;14.24695400
ABTF;7.92000000
ABVF;8.05456800
ACAF;8.59728900
ACE;148.68330300
ACEF;10.94199400
ACEP;10.94199400
ACKB;447.35610900
ACKF;9.53622500
ACR;271.39911300
ACRI;13.56350100
ACRP;14.97903000
ADEF;11.66712600
ADEN;210.44929600
ADJF;37.48831600
ADPF;9.15468600
ADS;164.19448800
ADS1;569.94436600
ADS2;254.36192400
ADS4;348.71557800
ADS5;345.38266700
ADSE;205.97473300
ADSG;10.95556000
ADSP;10.95556000
ADV;665.13615800
ADYF;20.13813000
ADYP;20.13813000
AEAF;10.47607200
AEMF;11.43449600
AEN;817.99621100
AENF;16.82567000
AENP;10.46179100
AER;362.99544300
AFR;163.46200300
AFRF;17.50589700
AFRG;17.49947800
AFX;173.06456100
AFXF;12.23995200
AGGF;27.88877200
AGNP;16.82567000
AHAB;212.05126100
AHO;132.47751100
AHOI;7.92000000
AHOP;7.92000000
AI3F;11.50019800
AI3P;12.77799800
AIR;121.43144700
AIR1;319.81901900
AIR2;204.72541800
AIR4;352.62497300
AIR5;193.45429600
AIRN;6.83234100
AIRO;6.81373900
AIRP;6.80329100
AIRQ;6.78499600
AIX;146.60311700
AKE;1017.37202900
AKU;664.95432100
AKUH;11.08691200
AKUP;11.08691200
ALBF;24.14908000
ALCF;10.02647200
ALCP;8.80000000
ALFF;19.32692200
ALKF;17.47414100
ALL;20471.50968900
ALV;1604.26026300
ALV1;25929.57146600
ALV2;9981.78875300
ALV4;3985.20859700
ALV5;3036.12102500
ALVE;1921.82536700
ALVG;10.48901800
ALVP;10.48901800
AMGF;7.92000000
AMS;616.92742900
AMSF;19.38014800
AMUF;12.33366800
AMZF;14.25407700
ANAG;8.95286200
ANAP;9.94764100
ANDF;9.61468500
ANDR;509.26472100
ANI;67.93830100
ANIF;13.76881400
ANN;581.96862200
ANNG;11.16016100
ANNP;8.80000000
ANTH;13.07741600
AOM;310.20593000
AOMJ;12.45353300
AOP5;3380.50854300
AOPH;9.37422200
AQNF;10.66287600
ARCF;10.30819300
ARGF;13.30009700
ARL;1087.65964300
ARLF;12.78135200
ARYF;15.15469000
ARYN;302.88957800
ASG5;454.52785100
ASGG;8.56369900
ASGP;8.56369900
ASIF;17.66716100
ASIP;17.66716100
ASM;72.84356100
ASM1;222.10462500
ASM2;176.42273000
ASM4;266.15537500
ASM5;135.91070900
ASMH;12.67425500
ASMP;12.67425500
ASRF;10.74267700
ASSF;10.42707800
AT1F;17.55445300
ATEF;11.17764700
ATS;757.77437100
ATSF;17.01825600
AUL;937.82534100
AULH;15.69049200
AUR;4062.95812500
AURF;16.17182700
AUTF;17.68501400
AVF;14.30597400
AVMF;10.30640300
AXA;882.81628400
AXA1;1518.95780600
AXA2;1097.45788400
AXA4;2434.54828500
AXA5;736.72403500
AXAE;608.52329500
AXAG;13.73775500
AXAP;13.73775500
AXI;2190.45349100
AXIG;30.44572500
AXIP;33.57150400
AXNF;11.81942900
AXPF;12.71900700
AZA;924.30452900
AZNF;7.92000000
AZUM;7.92000000
B2A;3.46382100
B2AC;8.47334900
B2AE;57334.25174600
B2AS;49844.55033600
B2AT;3.01218500
B2EI;94746.38575900
B2MW;83313.95643000
B2MY;3.10424100
B2NP;60190.22081000
B2OS;87871.62841400
B2P;4.47534200
B2RG;75203.41262500
B2SN;45760.73724700
B2T;4.40123000
B2X7;11101.20225800
B2YG;41822.62602800
B3AR;7.77600000
B3AY;50195.67448300
B3BV;8704.24758600
B3LT;5.78304800
B4B;445.39023000
B4BG;10.91942300
B4LT;5.78304800
BABF;19.48843300
BACF;18.37804500
BAEI;11.56992000
BAEN;112.08738600
BAFF;7.92902600
BAKG;13.61708500
BAKP;15.13009500
BALF;10.33901000
BALN;1340.28206400
BARH;17.45898900
BARN;1640.66939000
BAS;578.72202200
BAS1;2465.31766500
BAS2;1530.42226600
BAS4;2832.09902300
BAS5;1101.02064800
BASE;642.65806100
BASG;10.97536600
BASP;10.97536600
BAW1;386.21424100
BAW2;211.23294700
BAW4;281.11451600
BAW5;248.07661400
BAXG;8.98339000
BAY;171.44190300
BAYE;212.03312100
BAYG;10.66520400
BAYP;10.66520400
BBL;49377.07653400
BBV1;461.04620200
BBV2;326.06838900
BBV4;502.03954200
BBV5;226.50929600
BBVD;112.73319400
BBVG;12.94568600
BBVP;12.94568600
BC8;821.87508000
BC8H;15.75498400
BC8I;15.78264900
BCBF;7.92000000
BCEF;7.92000000
BCOF;15.69659700
BCPH;15.83113000
BCVG;7.92000000
BCVN;1244.37931900
BDEF;16.92461000
BDSG;19.07829100
BDSP;21.19390300
BDT;330.09686700
BDTF;11.80132800
BDXF;7.92000000
BEAF;13.49077900
BEI;132.97190300
BEIG;7.83084300
BEIP;8.80000000
BEKB;270.66607400
BEKF;11.35339800
BG1F;12.21402900
BGPA;1063.04282400
BGPG;13.04802900
BHWF;13.84893500
BIF;478.11358200
BIFI;8.71622800
BIHF;10.05886200
BIM;158.73168600
BIMF;12.48865400
BIO;230.71781600
BIOH;10.04348600
BIR;25362.02773700
BIRF;24.78736900
BKAF;12.85531900
BKW;116.89156800
BLNF;10.40295600
BLT;302.43658900
BLTH;12.44884000
BM3F;10.01387600
BMOF;9.90590900
BMTF;7.92000000
BMW;412.29942100
BMWE;439.03158500
BMWF;9.61575400
BMWP;9.61575400
BMYF;7.92000000
BNP;900.95797500
BNP1;1907.76805400
BNP2;879.80039600
BNP4;2457.83542500
BNP5;614.10391000
BNPH;12.72212200
BNPP;12.72212200
BNR;122.07507100
BNRG;10.93904800
BNRP;8.80000000
BNSF;9.70913800
BNZF;8.11490800
BOPF;8.44145100
BOSF;11.42106700
BOSS;3084.51714200
BPE;887.85074000
BPEF;16.96233500
BPF;10.02799500
BPO;365.07365600
BPOF;10.46017300
BPS;487.64489600
BPSF;11.98129600
BPT;398.52892000
BPV;297.47044900
BPVJ;15.79550400
BRBF;11.06199700
BRBY;2322.01111400
BREF;18.41492000
BSD2;144.10108100
BSIF;17.79638000
BSIP;17.79638000
BSLF;14.55718800
BSLN;332.25106400
BSN;92.66443800
BSN1;167.70464500
BSN2;168.39063500
BSN4;170.60496100
BSN5;85.57071900
BSNH;10.62900000
BSNP;10.62900000
BSR1;365.74626200
BSR2;308.65495100
BSR4;416.77274200
BSR5;221.32905900
BTAF;10.25340900
BTG;153.59609300
BTGF;13.99224100
BUCF;9.01973800
BVBF;16.10516000
BVFF;38.28280400
BVI;419.30886100
BWW1;1240.94304600
BWW2;595.18214700
BWW4;1277.43156000
BWW5;513.76869400
BX7;116.74546800
BX7G;10.05938100
BYG;375.16353200
BYGG;10.31977500
BYGP;11.46641700
BYW6;152.72772500
C1CG;14.51543000
C2AJ;398690.29629600
C2CL;56391.45133800
C2EC;9.17362300
C2FR;3.03492600
C2GM;269646.81742300
C2IT;8.84428200
C2NA;5.32791500
C2ON;6.10107000
C2OV;46990.74538600
C2RG;5.11163800
C2RS;5.11163500
C2RT;8134.48078700
C2SC;3.90398300
C2SF;177916.00126500
C2VX;4.97161100
C3AR;17904.53448600
C3FR;353866.07904700
C4RI;21980.68462800
C5SG;7583.55849600
CAI;13174.20170400
CAIG;11.93215600
CAJ;117.19038500
CAJG;15.07604900
CALN;57927.87884400
CAOF;7.92000000
CAR;139.84299000
CAR1;445.09489800
CAR2;19883.72445300
CAR4;687.94489800
CAR5;212.63619600
CARG;8.59361400
CARP;9.56155700
CATF;10.54158300
CBK;2252.39341800
CBK1;4136.01620200
CBK2;1696.41477000
CBK4;18829.25110700
CBK5;611.49010100
CBKE;706.58956700
CBKH;17.40698900
CBSF;19.47258200
CCJF;21.69964800
CCLF;24.32316300
CEC;300.49320000
CECF;21.47383600
CEEG;10.32534300
CFR;388.36032600
CFRI;12.15575500
CFRJ;12.07144900
CFRP;13.72368000
CGCF;36.80160500
CGM;286.27795000
CGMF;12.82280700
CGMP;14.24700000
CH1F;10.06950600
CITG;19.83732800
CLFF;7.92000000
CLHF;9.33746200
CLN;178.86492200
CLNG;10.55589700
CLNP;13.73901800
CMAI;9.64419800
CMAP;10.71577600
CMBF;10.93302900
CMCF;12.30806800
CNAF;11.43555400
CNQF;15.87006300
COF;925.19709500
COFF;11.77112900
COG;243.44834100
COGF;12.69788400
COK;269.08975300
COKF;14.99754900
COLP;13.65660200
CONB;19726.39913400
CONF;2.44943100
CONI;13.70253200
CONP;8.80000000
COSF;9.25586800
CPG;12993.09079100
CPGH;9.94881200
CPHF;12.17788800
CPIF;18.10329600
CPWF;14.36529000
CR5J;15.02194000
CRG;196.66198000
CRGG;10.60077100
CRGP;10.60077100
CRI5;1726.57491700
CRIP;15.02194000
CRQF;7.92000000
CRTG;14.57687600
CRTP;16.18231000
CSCF;8.88888000
CSF;243.69984000
CSFF;9.07548100
CSFP;10.05301300
CSG1;1002.84010900
CSG2;581.35539200
CSG4;1441.33779100
CSG5;515.60980200
CSGE;303.89177400
CSGJ;17.28814100
CSGN;388.73348300
CSGP;19.58298700
CSMG;10.67831800
CSPF;7.92000000
CSPX;62364.60624100
CSUA;151.68028000
CTR;427.69513200
CUA;11288.00627300
CVSF;7.92000000
CVXF;11.18973500
CXDF;18.81251900
D2AI;92271.69309600
D2GE;3.34445000
D2KE;5.24513000
D2PW;37283.18183700
D2SM;154983.09214400
D2SY;54904.76685500
D2TE;15730.22493600
D2TG;80258.02645700
D3AI;92271.69309600
D3B1;244136.59294000
D4BK;12484.21944500
D9FF;14.86202600
DAB;461.99546800
DABE;572.40603500
DAEF;12.97347300
DAIF;11.50056200
DAIG;11.49011600
DAIP;11.49011600
DALF;21.62962500
DANF;10.67238100
DB1;2546.34573800
DB1E;2284.19916300
DB1H;9.32850100
DB1P;8.80000000
DBK;654.11822100
DBKE;742.69718300
DBKI;13.60611900
DBKP;15.13520100
DBW1;3487.89906400
DBW2;659.78130800
DBW4;5155.23527800
DBW5;472.73852400
DBX1;636.00673700
DBXA;565.99628300
DBXW;1023.73278300
DCS;1049.70925900
DCSG;12.46505200
DEFF;10.98704900
DEQ;262.65549300
DEQF;15.63913000
DEZ;1339.03820500
DFFF;7.92000000
DGEF;7.92000000
DHE;80.37632000
DHEF;26.77527300
DISF;13.34526700
DKSH;497.95584800
DMG;36634.51770400
DMGF;10.16082200
DOCF;14.58286500
DPW;377.45711100
DPW1;1315.64923900
DPW2;1091.35391900
DPW4;1431.13327000
DPW5;1034.36173400
DPWE;504.82226500
DPWF;11.52629700
DPWP;11.52629700
DRIA;1580.47348500
DRIF;15.20768300
DRIG;11.89571500
DRW3;488.22734800
DSM;253.64813900
DSMF;10.80248200
DSMP;10.80248200
DSYG;11.11280900
DSYH;11.03417000
DSYP;12.25542200
DTE;130.74736200
DTE1;411.49211200
DTE2;582.47664100
DTE4;374.95160500
DTE5;234.18379200
DTEE;176.54677100
DTEF;7.35300000
DTEP;7.35300000
DTGF;11.49011600
DTGP;8.80000000
DUE;592.68208000
DUEF;12.36217200
DUFF;18.93123100
DUFN;1837.37650500
DUKF;7.92000000
DVC;221.41618400
DVCG;8.84566200
DWSF;12.94669300
DYS1;225.88006000
E2AI;68012.71013800
E2AS;154650.38714000
E2BS;55669.66524500
E2DP;6097.77850600
E2DS;8.80000000
E2F;291.39606500
E2FG;12.52193700
E2FH;12.52944000
E2FP;12.52945300
E2IA;47915.67160100
E2KF;21905.47458900
E2NG;29863.06625800
E2NL;5.40299600
E2NR;8.80000000
E2NT;10351.12080500
E2NU;8.80000000
E2RI;4.23860400
E2SL;174477.44991600
E2ZJ;8.80000000
E3B;351.48352700
E3BF;17.80908500
E3DF;34117.34227800
E3OA;9529.38707300
E6DF;25588.72250500
EAD;364.58547600
EADF;14.38870400
EADP;14.38870400
EAI;482.64855600
EAIF;7.92000000
EAM;311.46891900
EAMG;11.16000000
EAPF;9.88068200
EAW1;331.15834600
EAW2;271.76044500
EAW4;441.92525500
EAW5;203.71087200
EBAF;10.75999900
EBOG;15.17100100
EBS;2222.78595300
ECVF;15.78493800
EDPF;9.41508400
EDS;307.06892100
EDSF;9.45392900
EDSP;8.80331000
EF3;3957.86197800
EF3G;8.94583200
EFC;389.22544100
EFCG;9.42739000
EFGF;12.72992300
EFGN;1230.55951600
EFXF;8.92015900
EFXP;8.92015900
EG4F;7.92000000
EG4P;8.80000000
EIA;224.36711800
EIAG;7.92000000
ELI;237.63752800
ELIF;8.41073600
ELV;121.11846500
ELVH;7.92000000
ELVP;7.92000000
EMSG;9.36056500
EMSN;1485.34484700
ENBF;11.46608000
ENE1;257.05583600
ENE2;438.98549400
ENE4;315.42865300
ENE5;187.61134500
ENI1;416.83888200
ENI2;355.44160100
ENI4;870.15709700
ENI5;280.92850700
ENL5;724.89150800
ENLG;10.77685200
ENLH;10.86492200
ENLP;10.86492200
ENLQ;10.86492200
ENRF;16.21170000
ENRP;18.10569400
ENT5;430.91749000
ENTG;11.74368600
ENTH;11.82325500
ENTP;11.82325500
ENTQ;11.82325500
ENUF;10.42426100
ENUR;184.55118200
EOA;150.56297200
EOA1;775.68657800
EOA2;527.62856600
EOA4;725.65107800
EOA5;411.19441300
EOAE;150.10889900
EOAI;8.57822100
EOAP;9.59902200
ERA;332.97582400
ERAF;17.03260700
ERCB;384.26365100
ERCG;10.13216300
ERIF;9.42643900
ESL;133.85139700
ESL1;1632.03710200
ESL2;218.78245000
ESL4;735.02686700
ESL5;286.55017800
ESSG;10.05229600
EUN2;483.19747600
EUNF;9.00000000
EUQ;449.32489600
EVAR;5.76179700
EVD;342.18487300
EVDF;15.00677100
EVK;113.87198400
EVKF;10.09131100
EVN;1972.26142000
EVNF;10.98380100
EVT;135.32228800
EVTF;15.30261900
EXDF;18.65693900
EXPF;9.01909400
EXS1;973.16031100
EXSA;4364.91097900
EXSF;9.00000000
EXX1;4162.61166300
EZJF;8.80000000
F2DR;85879.36802100
F2IA;8.80000000
F2IM;21777.46812300
F2ME;49330.34072500
F2MX;10.94350500
F2NG;12375.62820900
F2OT;43652.64783500
F2RE;29066.26729600
F2TE;2.27043800
F3D;171.59921700
F3IA;22960.16035800
F3TE;5816.40915300
FAHG;8.80000000
FAPG;8.80000000
FATX;10.14866700
FAU;4334.03874600
FAUF;18.06764500
FAXA;7.01120300
FAXL;6.75000000
FAXM;8.65743100
FAXQ;8.07234400
FAXS;8.17043000
FAXV;7.99446800
FBK2;6.75000000
FBKF;14.36978500
FBON;3.95100000
FBTM;2.91600000
FBTP;3.68716800
FBTS;1.55700000
FBTX;32.27093100
FBUF;17.28772200
FCAG;7.76456700
FCAU;3.06887400
FCAY;4.07208800
FCBU;8.80000000
FCCO;7.85341300
FCDK;2.16000000
FCEA;2.31945600
FCEE;9.78880600
FCEF;1.90278400
FCEN;11.59897900
FCEP;2.15109300
FCEU;2.44650600
FCEY;3.11394500
FCGR;9.10848300
FCIN;8.89407200
FCLI;6.75000000
FCME;8.80000000
FCMU;8.80000000
FCNK;2.79060300
FCNS;2.26738000
FCNU;2.90120400
FCPE;12.68730600
FCPF;2.50577300
FCPR;6.75000000
FCPU;3.39806700
FCRU;11.65861200
FCSK;2.16000000
FCSO;6.75000000
FCUD;2.39632400
FCUF;2.17029600
FCUN;4.14268400
FCUS;3.44803800
FCUW;2.86013500
FCUY;2.97998600
FCXA;8.43479200
FCXB;8.76810400
FCXE;6.75000000
FCXG;17.66152900
FCXI;7.99131000
FCXL;8.07199800
FCXP;8.85283600
FCXR;8.34717800
FCXS;8.18794300
FCXT;6.95829600
FCZE;8.80000000
FCZU;8.80000000
FD3D;3.87760700
FDAX;8.51271700
FDIV;8.29244500
FDJF;9.31268300
FDR;15351.97903100
FDRF;12.83429900
FDVD;3.65894600
FDXD;3.75804700
FDXF;18.50191000
FDXM;8.51271700
FDXS;8.61004700
FEAD;8.80000000
FEBD;5.86183600
FECX;2.30316000
FEDV;8.87882100
FEED;3.84678400
FEFD;8.80000000
FEID;4.59801800
FES1;9.27882600
FESA;10.00776600
FESB;11.66927200
FESC;8.17191900
FESD;8.80000000
FESE;8.65644700
FESF;7.90962000
FESG;9.61759100
FESH;6.75000000
FESI;10.59069800
FESJ;9.97803100
FESK;10.11086200
FESL;12.19766300
FESM;6.75000000
FESN;10.58965600
FESO;6.75000000
FESP;8.80000000
FESQ;8.33300500
FESR;10.39940100
FESS;9.61529300
FEST;6.75000000
FESU;7.30873100
FESV;11.20983000
FESW;8.80000000
FESX;8.29455600
FESY;11.15899000
FESZ;8.87054500
FETD;2.30914700
FEU3;0.36921000
FEUD;3.32759900
FEXD;9.17479100
FEXF;7.61644400
FFOX;7.56672600
FFPD;8.80000000
FGAR;11.02823500
FGBH;9.49147100
FGBL;2.57984600
FGBM;1.69342000
FGBS;0.82844900
FGBX;5.22457000
FGDI;6.75000000
FGDS;9.74219900
FGDV;6.75000000
FGGI;1.87104300
FGPG;13.22754400
FHZF;8.76820600
FHZN;100.67522500
FIA5;526.54510300
FIAK;13.18038400
FIB;476.13210400
FIE;127.56319100
FIEG;11.70876600
FIMG;11.18565900
FIN;12906.83056100
FINF;12.26768900
FING;12.27248600
FLCE;8.14667700
FLCP;7.08117500
FLNJ;16.47254800
FLU;1147.74581000
FLUF;9.94953800
FMAA;6.75000000
FMAC;7.46849000
FMAE;6.75000000
FMAG;10.78107900
FMAP;6.75000000
FMAS;6.13401700
FMAU;10.12874800
FMAV;8.80000000
FMAW;8.80000000
FMBE;8.80000000
FMBZ;11.19714300
FMCE;8.51517300
FMCG;8.80000000
FMCH;9.82380700
FMCL;13.11396400
FMCN;8.99463700
FMCO;13.50684100
FMCP;8.42311800
FMCT;13.77853700
FMCZ;12.14599300
FMDK;9.72829000
FMDM;10.67818800
FME;96.43396200
FMEA;6.68333900
FMED;10.02215600
FMEE;7.62983600
FMEF;6.43853400
FMEG;7.56631700
FMEH;12.32035000
FMEL;9.65836300
FMEM;6.19959200
FMEN;5.62033300
FMEP;7.41443000
FMES;9.66337600
FMEU;7.39612100
FMEV;7.25388600
FMEY;8.14713500
FMFA;7.78883200
FMFE;8.80000000
FMFI;8.80000000
FMFJ;8.80000000
FMFO;8.95527900
FMFP;8.51363500
FMFR;8.47179500
FMFU;9.74850800
FMFW;8.89913400
FMGA;8.62730100
FMGC;8.90121000
FMGS;8.52747100
FMGY;10.63602300
FMHC;10.92308000
FMHK;5.89053300
FMHS;9.82379300
FMHU;13.93288000
FMID;7.14137500
FMIG;9.27619100
FMIN;7.37240300
FMIS;9.20727800
FMIT;9.52568800
FMIV;8.75391100
FMJP;6.75000000
FMJY;8.80000000
FMK2;6.75000000
FMKN;8.21137000
FMKW;8.80000000
FMMC;8.80000000
FMMD;11.89778100
FMMF;8.80000000
FMMG;7.09779500
FMMH;8.80000000
FMMI;8.80000000
FMML;8.80000000
FMMQ;8.80000000
FMMR;11.05508800
FMMS;8.80000000
FMMT;9.44934900
FMMU;8.54584600
FMMV;6.75000000
FMMW;9.89159900
FMMX;8.64597600
FMMY;6.75000000
FMNA;8.55084400
FMNB;506.37225800
FMNG;11.94764300
FMNL;11.63947600
FMNS;11.69237400
FMNW;12.50851500
FMNZ;7.04838400
FMOG;10.54233800
FMOV;7.75998700
FMPA;6.10993600
FMPE;10.76182100
FMPH;6.98443000
FMPL;12.98759100
FMPP;8.80000000
FMPX;7.69756400
FMQA;6.45213600
FMSA;8.80000000
FMSC;10.74252200
FMSD;11.72711200
FMSE;6.82136300
FMSF;8.80000000
FMSI;7.56179000
FMSJ;8.80000000
FMSM;8.80000000
FMSO;9.54651300
FMSP;8.80000000
FMSR;8.80000000
FMSS;8.80000000
FMST;8.80000000
FMSU;10.07272800
FMSW;9.33725300
FMSZ;8.80000000
FMTH;6.75000000
FMTW;6.86369200
FMUA;6.98316500
FMUC;8.80000000
FMUD;11.35475600
FMUE;9.56371100
FMUF;11.51016700
FMUH;8.80000000
FMUI;10.34789100
FMUK;5.92514100
FMUL;12.77740200
FMUM;8.03095600
FMUP;8.80000000
FMUQ;8.26049000
FMUR;11.72248800
FMUS;8.57513500
FMUT;10.13484500
FMUU;9.14327400
FMUV;8.48784300
FMUW;13.99779700
FMWB;8.80000000
FMWC;9.42976200
FMWD;13.34312300
FMWF;11.08109700
FMWH;8.80000000
FMWI;9.22681700
FMWL;11.70327400
FMWM;9.18940000
FMWN;6.74614400
FMWO;7.77794100
FMWP;8.28767400
FMWQ;9.23222200
FMWR;12.91326400
FMWS;8.80000000
FMWT;11.74714300
FMWW;10.23720400
FMXA;8.81830200
FMXB;8.45616400
FMXC;8.80000000
FMXG;8.80000000
FMXJ;6.75000000
FMXK;8.80000000
FMXS;7.88948400
FMXT;8.00741700
FMXU;7.41558500
FMZA;9.40938800
FNNF;17.83112000
FNT;1906.86858600
FNTF;10.87764700
FO4;5057.92967000
FO4I;16.31786200
FOAM;1.71955600
FOAT;2.60694400
FOOG;12.49133100
FORF;8.80000000
FOT;316.74339300
FOTH;25.51656000
FPE3;492.89793800
FPEG;9.60209600
FPHA;7.92000000
FPLF;11.76752900
FRA;354.17174600
FRAG;16.15055000
FRE;126.15781800
FREH;10.56775600
FREP;10.56775600
FSAD;8.80000000
FSBD;4.90849400
FSCE;8.66952500
FSCI;8.80000000
FSCP;8.86505000
FSDX;9.47427000
FSE;122.91189000
FSED;4.36951600
FSEG;8.80000000
FSEI;9.80133100
FSID;4.27054400
FSLC;9.37545400
FSLI;7.02024300
FSLS;8.80000000
FSMD;2.80810500
FSMI;6.75000000
FSMM;8.44551100
FSMS;6.75000000
FSMX;10.89904600
FSR3;4.50000000
FSSX;9.19492800
FSTA;9.99636100
FSTB;10.99096200
FSTC;8.48351100
FSTD;2.43853000
FSTE;9.57653900
FSTF;8.71120100
FSTG;9.02297500
FSTH;6.75000000
FSTI;9.85542000
FSTJ;10.84270700
FSTL;12.10866900
FSTM;7.03056100
FSTN;9.68175500
FSTO;6.75000000
FSTP;8.80000000
FSTQ;10.52574200
FSTR;11.20963100
FSTS;11.32613100
FSTT;6.75000000
FSTU;7.61197800
FSTV;12.39811500
FSTW;8.80000000
FSTX;6.75000000
FSTY;11.37721500
FSTZ;7.73436800
FSUD;3.43874300
FSUS;8.99661800
FSWL;2.66270100
FSWM;1.85799500
FSWS;0.82783500
FSWX;5.22713900
FSXE;8.42447700
FTDD;8.80000000
FTDX;9.17325600
FTE;113.79501500
FTE1;328.40774200
FTE2;277.55855000
FTE4;355.54305900
FTE5;228.50621600
FTEE;130.51584500
FTEG;6.88500000
FTEQ;6.88500000
FTKF;19.08499500
FTSF;8.80000000
FTUK;8.80000000
FUAA;8.62511200
FUAL;7.77358600
FUAM;8.74054400
FUAQ;8.30967600
FUAS;8.84341900
FUAV;8.74563500
FUGH;13.01529500
FVS;10.98592600
FWPD;8.80000000
FXFC;6.96992500
FXFM;7.49838400
FXFQ;7.17790600
FXFR;6.75000000
FXFS;8.05380000
FXFV;7.70231300
FXGL;7.92000000
FXXE;7.99797900
FXXP;8.17147600
FXXS;8.80000000
G1A;806.45983900
G1AF;10.51941200
G24;48.25165300
G24F;10.68411200
G2AL;17845.05000900
G2AN;33939.43322100
G2EB;391453.85324000
G2EC;8.66702400
G2IV;3039425.99421900
G2LE;8.80000000
G2LP;1503392.33333300
G2OB;61701.29253100
G2SF;2.98993800
G2TQ;87726.36716000
G2ZF;1.11166100
G3LE;8.80000000
G3ZF;13917.99314000
G4SK;3.46363400
G5SK;3.44315200
GALF;11.74608300
GALN;99.27953100
GAM;493.50055800
GAMF;15.94951800
GAN;167.52798200
GANF;9.93615700
GANG;9.53315200
GANP;10.59239100
GASN;760.81557900
GBF;460.21977400
GBFH;14.08130800
GBRI;9.89426900
GBRP;8.80000000
GDG;79.40332100
GDGI;17.63777400
GEBN;153.77192600
GECF;11.41880900
GEW1;301.03750000
GEW2;258.04037800
GEW4;410.74848800
GEW5;181.09595700
GFAF;25.24485800
GFT;294.89530900
GI6A;6335.04148100
GI6G;12.00846900
GILF;7.92000000
GISF;7.92000000
GIVG;8.78379000
GIVN;194.13654300
GIVP;8.80000000
GLBF;10.79920500
GLDF;10.64693800
GLEG;12.65203700
GLEN;252.30041200
GLIF;18.53834600
GLPF;16.34283900
GLPG;237.22834900
GNS;312.96010300
GOAF;10.62270300
GOB;533.02696800
GOB1;1360.36712100
GOB2;983.52474000
GOB4;2299.15466600
GOB5;457.45972900
GOBG;12.02204400
GOBP;13.41502600
GOCF;10.65610700
GOSF;12.55400200
GRB;6678.91045300
GRBF;8.60306700
GSKB;141.14136300
GSKH;7.92000000
GSKI;7.92000000
GTQF;14.14119800
GTQP;15.71267400
GXI;424.60756700
GXIF;13.96286300
GYC;745.27431100
GYCF;14.03298200
GZF;146.48050700
GZF1;337.40003500
GZF2;277.65553600
GZF4;426.58762200
GZF5;186.80915400
GZFH;8.98736200
GZFQ;8.98736200
H2EI;60261.48659600
H2EN;53213.62762700
H2MI;8.80000000
H2NK;110470.75139300
H2SB;3.88859800
H3OL;63677.20011100
HALF;14.93163500
HARF;15.41669000
HBHF;13.98741500
HDB;1473.41552600
HDBJ;10.41925300
HDD;160.52904700
HDDG;19.91264200
HDFF;10.52036300
HE9F;10.47544800
HEFG;11.90251200
HEFP;8.80000000
HEHF;7.92000000
HEI;366.07571200
HELG;11.62033100
HELN;6747.37580400
HEN3;165.97057000
HENG;7.48674800
HENP;8.80000000
HESF;7.92000000
HFGF;22.89724800
HFGP;8.80000000
HHFA;82.47885400
HLAF;24.51408300
HMI;1377.62492200
HMII;12.19533700
HMIP;13.56273000
HMSG;26.06071500
HNK;214.96709600
HNKF;7.92000000
HNKP;7.92000000
HNR1;2798.57278400
HNRN;10.53033700
HNRO;10.52850800
HNRP;8.80000000
HOLI;10.22874000
HOLN;1207.93662200
HOLP;8.80000000
HOM;127.29442200
HONF;8.17270400
HOT;321.36199000
HOTG;12.81958700
HPQF;13.44417100
HSB;822.61501400
HSBG;8.85658800
HUAF;16.97313200
HUKF;8.98729900
HYQF;43.17004800
I2BE;4.03038600
I2BM;3.99175600
I2FX;8.80000000
I2IH;5.88852200
I2IL;244247.30720100
I2MB;8.80000000
I2NN;26737.08526600
I2NT;4.90438100
I2SS;7.00386900
I2TK;58133.14993200
I2XD;1.51458800
I3ES;3101.34753700
I3NN;20797.63536700
I3NR;51886.46666700
I3XD;3.57197100
I4SP;46533.24215500
I4XD;31152.96073400
IBE;125.91020200
IBE1;523.97935300
IBE2;375.06990800
IBE4;675.80516400
IBE5;358.13738700
IBEG;8.01854300
IBEP;8.01854300
IBMF;9.24080100
ICAD;25312.54200200
ICAG;12.45280000
IDAF;12.84309900
IDAP;14.27011300
IDEM;5340.53447100
IDI;123.39544300
IDIF;18.69710500
IES5;892.35339700
IESI;13.15322300
IESP;13.15322300
IFCF;11.25194800
IFX;1106.08283900
IFXE;579.75852300
IFXG;18.52654000
IFXP;20.58167800
IGAF;8.80000000
IHCG;8.85684900
IHGG;10.47898600
IIIH;12.74767900
IIL;2552.11226500
IILG;11.09599300
IMCF;11.21098700
IMCP;11.21098700
IMIF;10.48846300
IMO;13206.62098700
IMOF;18.92942200
IMTG;8.14915400
INCF;14.80667500
INDF;14.24190700
INFF;11.57445600
ING1;2171.13551200
ING2;1258.60422200
ING4;2908.32923200
ING5;1006.26530200
INN;897.86009700
INNE;626.34002400
INNG;18.72936900
INNH;18.75671600
INNP;18.72936900
INNQ;18.75671600
INRG;19.03630100
INRP;21.15128100
INTF;11.33373000
INVF;14.85365200
INW1;1082.81783800
INW2;1024.44895700
INW4;1597.13128200
INW5;608.56612600
IPNF;13.00058900
IQQY;282.90103000
ISF;14715.44275900
ISPA;601.17560300
ISPI;15.41552200
IT1F;8.12348700
ITAF;10.58464500
ITK;402.26279300
ITKG;9.33240900
ITKP;9.33240900
ITVI;13.14498000
ITW1;944.64112000
ITW2;454.45635000
ITW4;1908.07745100
ITW5;324.46688000
IVGF;16.56414400
IWDA;43.90170300
IXD;208.70945400
IXD1;531.60149400
IXD2;412.50872600
IXD4;707.78619700
IXD5;224.28235400
IXDI;9.74101600
IXDR;9.73830200
J2NJ;2.32145300
J2PM;5.42397700
JBHF;10.39118200
JBLF;19.67759100
JEMG;7.92977200
JEN;154.17834600
JENF;12.10215500
JMAG;10.30119700
JNJF;7.92000000
JPMF;12.43719000
JUN3;980.26737100
JUNF;14.20960300
K2C4;8.80000000
K2OF;2.83530000
K3BC;129742.32605100
K3C4;8.80000000
K4C4;8.80000000
K6PN;2541.46466200
KABF;11.41751200
KABN;789.30008400
KARN;250.83849600
KB9F;18.73967100
KBWA;164.82786800
KBWF;9.46568000
KC4L;8.82209000
KCO;619.87081000
KCOH;14.35481100
KCRF;11.55909100
KDB;25431.11454000
KDBH;18.21764500
KEKG;10.18505200
KELF;7.92000000
KEMF;9.32658600
KGFG;11.52927100
KGHF;18.66637800
KGX;428.10166100
KGXF;25.40176500
KMBF;7.92000000
KNII;9.53913900
KNIN;617.68306100
KOFF;7.92000000
KOJF;14.27725100
KOMF;13.69494700
KOMN;1748.92460000
KPN;82.89839100
KPNK;7.92000000
KPNP;7.92000000
KRN;515.27290400
KRNF;9.77016700
KRX;702.27850000
KRXF;16.29611600
KUD;198.83620700
KUDG;10.65827600
KYG;215.29584300
KYGG;8.19211400
L2EF;6.55447000
L2ES;4.27758700
L2GG;119276.10770800
L2HA;26917.56135000
L2IF;8.80000000
L2IS;3.41183900
L2LO;9.48888800
L2ON;792519.41489200
L2OR;399019.95711600
L2RC;88326.67304300
L3HA;29906.26247300
L3IN;3.41535200
LANH;11.56233400
LEG;63.60742200
LEGF;11.00784900
LEN;200.20658500
LENH;14.91089600
LEO;2441.03804400
LEOF;17.19352300
LGE;1914.03127000
LGEF;14.64521600
LHA;96.94450300
LHA1;337.56435100
LHA2;472.35747200
LHA4;476.58893400
LHA5;198.49991800
LHAE;154.49332300
LHAF;15.49697100
LHAG;15.61597400
LHAP;17.39322500
LIEF;10.75770900
LIF;5947.85235800
LIFH;14.81154700
LIGF;15.50118700
LIGP;15.50118700
LIN;395.31545800
LINH;7.52443000
LINP;7.52443000
LISF;7.92000000
LISN;4135.18660300
LISP;307.11990600
LLOI;19.01357000
LLYF;10.90595700
LNDF;12.21244600
LOGG;11.10732700
LOGN;246.39120800
LOGP;8.80000000
LOL1;267.21765900
LOL2;221.87743700
LOL4;326.33191600
LOL5;164.99486400
LONG;11.06441400
LONN;133.75337700
LONP;8.80000000
LOR;112.55850700
LORF;7.74697500
LORP;7.74697500
LOWF;9.45079200
LPK;88.12750500
LPKF;15.44433800
LRC;3101.65728800
LRCF;8.41201900
LRCP;9.48880200
LSEF;10.07306800
LUVF;13.75972100
LVSF;23.71983200
LXS;481.99951300
LXSF;15.47730500
LYFF;36.50563300
M2CC;2.91530500
M2CD;2.72258600
M2CH;44341.23864300
M2EG;30630.18032800
M2MM;4.13714600
M2OF;4.46661200
M2ON;78161.15316300
M2RK;182788.64125600
M2ST;4.09058400
M2TX;311420.26805400
M2UV;295829.65149800
M3CH;34488.69935700
M3OH;796814.01884300
M6QF;12.56518000
MBTF;21.51298300
MBTN;172.48065100
MCCF;7.92000000
MCDF;7.92000000
MCH;459.66222700
MDI;1244.61635000
MDIF;10.84924600
MDS5;506.58913900
MDSG;18.03217000
MDTF;7.95420900
ME9;979.42645200
ME9G;12.08953700
MELP;19.50332600
MERF;13.18783400
MFX;1106.19213800
MFXH;12.12097300
MINF;9.27403500
MKS;1125.49726300
MKSH;13.28477300
MLP;169.97708500
MLUF;12.76405300
MLXF;9.66860500
MLXG;9.70049300
MLXP;10.78614600
MMMF;7.92000000
MMT;2856.82607200
MMTG;12.39760500
MOFF;11.15745500
MOH;380.11486900
MOHG;9.52182900
MOHP;9.52182900
MON;724.55884400
MONF;12.21097500
MOR;94.65678100
MORF;21.90128000
MOW1;9593.72331200
MOW2;497.83274300
MOW4;991.00734600
MOW5;410.77464300
MRK;210.46413500
MRKE;266.46569900
MRKH;8.43231100
MRKP;8.80000000
MRLF;12.63304200
MSTF;9.17052700
MTAI;11.10621400
MTCF;11.62268600
MTSP;17.12835800
MTX;1136.17459900
MTXF;12.40330200
MTXP;8.80000000
MU2G;9.07890300
MU2P;9.07890300
MUE1;1790.98375100
MUE2;653.70876500
MUE4;1773.96818200
MUE5;457.65103200
MUN;778.84856700
MUNG;10.91649800
MUV2;978.53683200
MUVE;748.12485100
MYM;113.01094200
MYMF;8.90451100
N2DB;14049.36306400
N2EF;82722.06773800
N2ES;76671.89896400
N2NG;48299.51938100
N2OV;0.75339900
N3G;3.13721100
N3OV;2.45324500
N4OA;4.63014900
NAGF;16.38391200
NBBF;24.81097400
NDA;240.51802700
NDAF;14.37912100
NDB;503.75401900
NDBF;9.82460200
NDX1;749.32827200
NDXF;17.55001200
NEF;363.88799400
NEFH;11.03182600
NEMF;10.53545700
NES1;209.53582300
NES2;157.14026300
NES4;220.13069200
NES5;135.71222100
NESE;158.93453400
NESG;6.75000000
NESN;71.99740800
NESP;8.80000000
NET;446.57989200
NETF;14.48412200
NGFG;7.92000000
NGG;987.81041100
NHYG;15.59349100
NKEF;11.44041500
NKF;546.33860200
NKFG;11.01363400
NNG;100.76950100
NNGF;11.08461300
NNGP;11.08461300
NO3H;11.02788000
NO3P;11.02788000
NO8F;16.15073700
NOA1;309.69092500
NOA2;282.41299600
NOA3;118.22654500
NOA4;355.14335100
NOA5;229.63671300
NOAE;115.81071600
NOEF;14.93100600
NOEJ;592.37593900
NORB;97.07994700
NORE;135.72289500
NOVG;6.75000000
NOVP;8.80000000
NOW1;324.61075500
NOW5;147.03391100
NP5T;8.80000000
NP6;466.12797500
NP6G;13.24334700
NPRE;8.80000000
NPWF;9.53642700
NREF;20.73047400
NSCF;10.79852800
NTFF;18.27299500
NVJ;2536.77601200
NVJH;11.10157900
NXS;385.87548300
NXSG;11.60572700
NXTM;10.68361700
O1BC;703.76458200
O1BG;10.19777400
O2CI;8.80000000
O2D;94.90026500
O2DF;9.30219000
O2MV;68206.66946500
O2MX;6264.73008400
O2NG;60972.96032000
O2RS;5.65196900
O2ZT;45520.79488800
OATX;1313.51391200
OCCO;233.66927200
OCEE;1240.03653700
OCGF;20.92043100
OCI1;103.74636100
OCIG;9.79894400
OCIP;9.79894400
OCRU;1512.78109600
ODAX;589.33207100
ODIV;1076706.33248500
ODX1;6623.88016300
ODX2;417.24279400
ODX4;3460.44682900
ODX5;498.33083700
OEB1;1103.20808300
OEB2;450.23736900
OEB4;1497.67383600
OEB5;533.25454800
OEDV;1062.01216300
OEM;244.97137900
OEM1;21018.17102500
OEM2;1831.16126500
OEM3;3481.10859000
OEM4;2429.99432700
OEMF;13.95184200
OERI;13.45833600
OERL;1322.15419400
OES1;36149.69441200
OES2;640.22859600
OES4;2145.55839600
OESA;432.74412000
OESB;567.01128000
OESC;2115.96204600
OESE;236.46693600
OESF;997.66957600
OESG;590.14156900
OESH;233.28043000
OESI;681.12405000
OESL;4132.67929100
OESM;851.14827200
OESN;1545.16065400
OESO;174.97699200
OESR;1366.19280300
OESS;491.85839200
OEST;120.04187000
OESU;346.14792400
OESV;2931.55008000
OESX;188.73489700
OESY;2738.95648700
OESZ;513.87874400
OEU3;4809.58734000
OEXD;315.75903600
OEXF;35300.94008100
OFOX;4451.43733100
OGB1;234.24035500
OGB2;303.72368300
OGB3;286.07680100
OGB4;120.37557400
OGB5;146.38880700
OGBL;143.65795000
OGBM;180.07931100
OGBS;195.34426700
OGDV;1619.98710600
OICG;14.33025300
OKS2;436.16392400
OLCE;2594.75891400
OLCP;465.56988300
OMAS;1046.93360700
OMCE;47952.55482900
OMCN;4001.05270800
OMCP;3070.61001400
OMEA;698.67167100
OMEE;555.71426900
OMEF;501.79747800
OMEG;529.39427900
OMEL;503.94165500
OMEM;1112.18229300
OMEN;428.68861100
OMEP;508.93187900
OMEU;3199.08095300
OMEV;1203.46944000
OMFA;6383.18935300
OMFP;687.35030400
OMJP;111.06000200
OMV;624.28653300
OMVF;14.88225100
OMWN;249.39868500
OMWO;5770.91509700
OMWP;1031.31902000
OOAT;272.16728100
OPHA;449.84844500
ORCF;9.88740800
ORNG;9.25982800
ORPF;27.29422100
ORSF;11.62018700
OSCE;4143.58138800
OSCP;711.49762900
OSLI;13304.31877500
OSM1;2390.62626600
OSM2;650.82430700
OSM4;5736.26142700
OSM5;279.11183900
OSMI;429.61772300
OSMM;161.03231500
OSTA;372.76347400
OSTB;941.21254600
OSTC;5606.06786600
OSTE;639.64700000
OSTF;1009.16944400
OSTG;253.07045400
OSTH;244.89566400
OSTI;554.59874600
OSTL;1184.64033000
OSTM;244.12290400
OSTN;1731.15212900
OSTO;215.81428500
OSTR;658.95794000
OSTS;441.79183700
OSTT;120.80469500
OSTU;238.32686200
OSTV;195.68686700
OSTX;1362.96012100
OSTY;2939.46196600
OSTZ;188.30983500
OTDX;491.73529800
OUTF;12.84984800
OVS2;822.48725400
OXGL;136.10870300
OXXE;2371.40450300
OXXP;387.99341600
OZTH;15.10802700
OZTP;16.78670600
P2AG;8.80000000
P2EP;2.56048500
P2ER;337260.29873500
P2EU;8.80000000
P2FE;3.68346100
P2FG;22.33860900
P2GF;2.81769100
P2HI;22518.65717200
P2IF;19585.76821300
P2M;3.54705500
P2MP;13739.12153400
P2OR;125065.95449800
P2RS;6.61313400
P2RU;8.80000000
P2RX;301616.25406700
P2SF;6.61843300
P2ST;36993.59072900
P2U4;66796.15078100
P2UM;85451.83498000
P3PX;5.65200000
P5TC;8.80000000
PAGF;8.80000000
PAGP;8.80000000
PBAF;13.36215600
PBB;205.02004200
PBBF;14.13558100
PBRF;16.58262900
PCLF;15.88236900
PEOF;16.34063500
PEPF;7.92000000
PER;178.52950700
PERH;7.92000000
PERP;7.92000000
PEU;492.78953200
PFEF;8.62567100
PFGF;17.55565200
PFV;509.89100100
PGEF;15.41259400
PGFF;7.92000000
PGHF;16.10521800
PGHN;580.85729500
PGHP;8.80000000
PGNF;14.19523300
PH1F;13.08981200
PH1P;13.08981200
PHI1;149.34940400
PIRF;13.07246100
PKNF;12.96056500
PKOF;15.09717100
PLP1;450.69742800
PLP2;286.75228200
PLP4;539.51586400
PLP5;239.48911500
PLS;586.92555800
PLSF;13.59171200
PMFF;8.39805100
PNL;205.49129700
PNLF;12.09366900
PNNF;9.38774200
POCF;12.67188100
POM;9630.07894600
POR3;559.14897400
PORK;12.28427700
PORP;8.80000000
PPX;487.51056300
PPXH;10.44524600
PPXP;10.44524600
PREM;8.80000000
PRUH;15.88363000
PRXF;18.53566900
PRXP;18.53566900
PRY;12652.00391300
PRYG;10.81629600
PSM;1241.96991500
PSMG;13.88227400
PSMP;15.05131900
PSNF;13.52041200
PSOF;11.31629700
PSPG;8.22245800
PSPN;539.26119100
PST;141.06603400
PSTF;8.68754200
PU4;136.10155800
PU4F;10.95286400
PU4P;12.29551000
PUM;636.90043900
PUMF;12.88769500
PUMP;8.80000000
PZUF;11.39830700
QIA;157.71355000
QIAF;8.22000800
QIAP;8.80000000
QSC;85.76665300
QSRF;9.50539800
QSV;70.34866800
QSVF;8.40862500
QTCF;21.09583600
R2AC;240849.40345500
R2AN;72096.61541400
R2BE;8.80000000
R2BI;54695.93513100
R2BS;8.84542300
R2CF;327489.58337100
R2DA;4.60266900
R2EE;2.81532500
R2EL;8.80000000
R2NL;103168.49344400
R2OG;2.81159300
R2PL;43133.15473300
R2YI;341582.10000000
R3EP;4.26857300
R3TZ;4.52814900
R4TZ;5.52688100
R4WE;56406.93602100
R5TZ;5.52688100
R6CF;10.28015500
RAA;302.85230100
RAAF;12.75103000
RACF;8.90352700
RAWH;16.40825300
RBE;65.37509200
RBFG;7.92000000
RBS;7106.72006300
RBSH;17.76397500
RCF;1655.36492800
RCFF;8.85744700
RCIF;9.16286400
RCLF;26.16728000
RCO;1083.80314800
RCOG;9.18095900
RCOH;9.18413900
RDAF;11.76626300
RE2G;7.92000000
RE2P;8.80000000
RE9F;8.11938400
REP;100.93053500
REPG;10.95076000
REPQ;10.95076000
REW1;476.95461000
REW2;387.15748300
REW4;501.84290500
REW5;254.75524100
RFAT;6.75000000
RFBH;6.75000000
RFBW;6.75000000
RFBZ;6.75000000
RFCC;6.75000000
RFEP;6.75000000
RFGR;8.75469300
RFHE;6.75000000
RFHN;6.75000000
RFIN;6.75000000
RFIV;6.75000000
RFLB;6.75000000
RFLI;6.75000000
RFMA;6.75000000
RFNW;6.75000000
RFRD;6.75000000
RFRI;9.22684200
RFRO;6.75000000
RFRY;6.75000000
RFSB;7.05637900
RFSH;6.75000000
RFSS;6.75000000
RFSX;6.75000000
RFTI;6.75000000
RFUH;6.75000000
RFUV;6.75000000
RFVO;6.75000000
RFVW;13.12398600
RFXK;9.36818400
RGSF;10.24503000
RHM;25089.31394300
RHMG;18.21920000
RIBH;973.24701400
RINF;8.69555300
RIOI;13.10403500
RIOJ;13.08242200
RLFF;59.27466600
RNL;963.85965100
RNLF;15.50111900
RNLP;17.96785800
ROG;183.87032600
ROG1;791.76161800
ROG2;407.82604700
ROG4;573.26893200
ROG5;245.95352300
ROGE;156.50437600
ROGF;6.96675300
ROGP;8.80000000
ROSF;30.04723300
ROY;173.87237300
ROY1;469.29973900
ROY2;334.07510100
ROY4;625.25895000
ROY5;262.33879800
ROYP;10.61823200
RPL;266.46175000
RPLF;8.73602300
RRFG;16.40803800
RSAU;3.61690400
RSAY;4.67854200
RSEA;3.00000000
RSEF;3.00000000
RSEP;3.00000000
RSEU;3.00000000
RSEY;3.25737600
RSH;1215.35705600
RSHH;11.16950400
RSHP;11.16950400
RSNU;3.22655500
RSPF;3.00000000
RSPU;3.38033300
RSUF;3.11653500
RSUY;3.08431100
RTOF;8.69214200
RTZ;870.90551900
RUIF;12.82337000
RWE;147.60374300
RWE1;260.24288300
RWE2;220.71608700
RWE4;294.11097400
RWE5;242.01544100
RWEE;274.72892100
RWEH;10.52808400
RWEP;11.60061100
RXLF;13.88981300
RY4I;11.67375900
RYA;3901.91840200
RYFF;8.12419300
S2CM;325292.32720900
S2DF;43896.03996600
S2EB;6.82118800
S2EJ;134927.02029100
S2GE;42238.17147800
S2GM;8.80000000
S2GS;1993343.68781900
S2HB;4.26416800
S2HF;4.82835700
S2IK;300126.21556700
S2LH;765850.13409500
S2MP;8.80000000
S2NF;8.80000000
S2NW;119638.74814100
S2OL;8.80000000
S2RA;36764.98374100
S2RT;702002.26963300
S2SE;4.06796200
S2VT;3.65224700
S2WE;5.72449400
S2YF;106034.90543300
S3AP;100862.11333000
S3IE;13.65461600
S3J7;8.80000000
S3MP;83478.40282400
S3ND;169568.86074200
S3NW;334930.93854600
S3QU;108963.71960600
S3SD;4220.09803300
S4AP;78449.18243200
S4IE;5.45323300
S5RE;147397.41581900
S6MP;64928.68074400
S9LF;12.43316700
SAEF;24.85418500
SAN;139.13043300
SANH;13.06242100
SANP;13.06242100
SAP;164.29296200
SAP1;1442.69050200
SAP2;476.90861800
SAP4;2587.08902300
SAP5;403.80409900
SAPE;231.45437000
SAPI;7.87020600
SAPJ;7.86180400
SAPP;7.86180400
SAPQ;7.86180400
SAX;810.79304400
SBMO;94.61617900
SBO;433.06182300
SBOI;13.91836200
SBRF;7.92000000
SBSA;1084.68840200
SBSF;12.94318800
SCB;711.91400600
SCHP;122.14810000
SCMH;6.75000000
SCMN;122.72924300
SCMP;8.80000000
SCOI;15.94879700
SDF;197.87050700
SDFE;187.84654500
SDR1;324.66788500
SDRF;10.22917700
SDXH;15.39691300
SDXP;16.98643800
SEBF;13.76712200
SEJ;662.29841300
SEJF;12.74916200
SEJP;12.74916200
SEMA;8.80000000
SEMC;8.80000000
SEME;8.80000000
SERF;15.95199900
SESF;11.33274200
SFSF;8.97969100
SFSN;120.04296300
SFZF;12.72776900
SGE;1045.40876100
SGE1;1548.64643000
SGE2;665.12711900
SGE4;1995.25287400
SGE5;597.19389000
SGEI;15.15874600
SGEP;15.15874600
SGKF;8.97025900
SGL;530.21500700
SGM;144.02552900
SGMF;11.59742400
SGMP;12.86681100
SGSL;7.61059100
SGSN;1253.74689500
SGSP;8.80000000
SHA;118.63825000
SHAF;13.11622500
SHBF;8.72387700
SHHF;12.08887300
SHHP;8.80000000
SHPF;27.20147400
SIEH;10.85717000
SIEQ;10.85717000
SIGF;7.92000000
SIIF;11.43084500
SIK;1623.87076700
SIKH;11.50698700
SIKP;8.80000000
SIMF;7.92000000
SING;7.92000000
SIRB;632.64681300
SIX2;2690.98764900
SIXF;14.26994700
SJ7;331.21159200
SJ7G;11.33602000
SJ7P;12.56272900
SK3;178148.30247800
SK3F;13.85089300
SKAI;11.02668600
SKFF;11.05027200
SKHE;549.40788100
SKWF;14.40766400
SLFH;12.36642400
SLHG;11.38587700
SLHN;1238.22821000
SLHP;8.80000000
SLM;8013.42433000
SMA;339.11327500
SMAF;18.90252500
SMHN;725.57513700
SMIF;9.76624500
SMPA;937.76424700
SMPH;8.89410500
SND;295.21411400
SND1;948.64949400
SND2;382.79095000
SND4;896.32088000
SND5;289.77432400
SNDH;10.41488100
SNDP;10.41488100
SNF;134.15247900
SNFG;7.99933500
SNI;131.65671400
SNTF;15.84530100
SNWF;7.67738600
SNWG;7.77739800
SNWQ;7.77739800
SOA;4699.11981400
SOAH;7.99709400
SOF;13076.56174900
SOFF;7.92000000
SOHF;14.70362200
SOL;443.53724400
SOLG;10.04088400
SONG;15.37548200
SOON;250.57019300
SOPF;11.68423300
SOW;220.28932600
SOWG;10.65648500
SPEB;1955.34346000
SPEI;76.66373100
SPSF;8.12392000
SPSN;347.88052100
SQU;178.80679500
SQU1;412.53704700
SQU2;304.09958800
SQU4;839.50821500
SQU5;243.58028700
SQUH;9.83873800
SQUP;9.83873800
SRAF;8.91871800
SREE;6522.96345400
SREJ;14.47874300
SREN;5437.14267500
SREP;16.08749200
SRT3;95.95488300
SRTF;15.05033100
SRTP;8.80000000
SSBF;16.27905100
SSEF;9.42068500
STAH;11.46485100
STLF;12.10654300
STMF;15.85937800
STMN;194.77801200
STR;3146.97161300
STRF;12.88969300
SUEF;14.92236300
SUNG;11.76559900
SUQ2;1227.46255700
SVTF;7.94649000
SWDF;11.61758400
SWEF;13.15688200
SWOF;18.99775400
SWSF;8.97429300
SY1;271.04401400
SY1F;9.45904300
SY1P;8.80000000
SYMF;9.29628900
SYYF;10.09496600
SZG;809.72407800
SZGG;17.60335600
SZU;239.52819100
SZUG;10.74433500
T1CO;11.54164000
T2EG;18300.36208800
T2EL;3.12442300
T2FE;8.80000000
T2FF;5.56130500
T2IA;3.23527600
T2KA;10168.74692000
T2OT;4.83856900
T2QI;1169.57095700
T2SC;3.12593100
T34D;12.66468800
T3NE;4181.52233900
T5RF;18.19337800
T5RP;19.89960900
T7PI;10.90463400
TA1F;7.92000000
TAAI;12.74318500
TAAR;13.84561200
TACK;10.40349100
TACR;14.60907800
TADS;11.48056900
TADY;19.86578900
TAEN;17.22197900
TAEP;10.56445100
TAFR;18.66324900
TAFX;13.53797300
TAG;4550.07680000
TAGF;19.76479400
TAGG;27.66330300
TAHO;8.80000000
TAI3;12.09091600
TAIR;8.80000000
TAKE;12.63671200
TAKU;11.10268500
TALB;24.78023500
TALV;11.42992300
TAMU;10.39251200
TANA;10.15353800
TAND;10.49272900
TANN;10.06778400
TAOM;11.75924100
TAOP;10.58123900
TARG;13.10197500
TARL;13.94888400
TASG;9.43462200
TASI;18.64771600
TASM;13.57400200
TASR;10.00574900
TAT1;13.53561700
TATF;7.92000000
TAVM;8.80000000
TAXA;14.49496400
TAXI;28.44160900
TAXN;12.93289000
TBAK;15.20875400
TBAS;10.66120100
TBAY;10.92652300
TBBV;12.68713700
TBC8;17.31641600
TBCP;16.79263600
TBDS;18.59859900
TBEI;8.80000000
TBG1;12.31018500
TBIM;13.48159000
TBIR;26.38480100
TBMW;10.31550300
TBNP;13.73656800
TBNR;10.97987500
TBOP;9.25286400
TBOS;12.83298100
TBPV;15.97263000
TBSD;13.17082200
TBSI;16.76759700
TBSN;8.80000000
TBVI;9.00062800
TBX7;10.30749700
TBYG;11.00118000
TC1L;8.48105800
TCAR;9.20733800
TCBK;18.03235900
TCBX;7.69760800
TCGE;11.35991600
TCGM;13.65586100
TCL6;15.09822300
TCLN;13.20844100
TCMA;10.37088700
TCO;185.33465900
TCOF;12.28850500
TCOL;11.49372400
TCON;14.72227600
TCRG;10.97484600
TCRI;15.52708000
TCRT;14.67440800
TCSF;9.76994100
TDAI;12.49920000
TDB1;10.16960200
TDBK;14.44352400
TDFF;8.68774200
TDHE;25.57034800
TDIO;13.07404900
TDPW;11.40054800
TDRI;11.88222600
TDSM;10.79244100
TDTE;8.80000000
TDVC;9.28691500
TDYS;11.93440000
TE2F;13.42806000
TE3B;15.73570300
TEAD;14.65431600
TEAI;8.80000000
TEAM;10.66732800
TEBS;15.99208400
TEDP;9.76702200
TEDS;9.11814500
TEDV;9.29408000
TEF3;9.31150500
TEFC;8.80000000
TEFG;8.21239000
TEFP;8.21239000
TEG4;8.80000000
TEIA;8.80000000
TELF;7.92000000
TELH;13.58732400
TELI;9.27288900
TEMF;13.10813200
TEMN;836.71350000
TENE;10.77396600
TENG;13.32346500
TENI;11.13598400
TENR;16.30291000
TENU;10.54798600
TEOA;8.99555800
TEQF;7.92000000
TESB;12.59412700
TESL;10.02598500
TESS;10.85233100
TESX;7.10580700
TEUQ;10.17459500
TEVD;16.59586900
TEVK;9.87471100
TEVT;16.99397900
TFAU;17.75933700
TFBK;13.02979900
TFDJ;8.93014400
TFDR;11.97541100
TFFF;12.26058800
TFIA;13.63480200
TFIM;11.95476200
TFME;12.12175200
TFMN;12.73728000
TFNT;11.66060200
TFO4;17.64852400
TFOT;21.78561700
TFPE;10.48790200
TFRA;16.14909600
TFRE;10.40545300
TFTE;8.80000000
TG1A;11.36473100
TG24;11.73550400
TGAL;11.38958600
TGAN;10.69700600
TGI6;11.59380200
TGL9;10.86231900
TGLP;15.87520700
TGOB;12.21179600
TGRB;9.40112600
TGTF;14.42504700
TGTQ;15.97285400
TGZF;10.00349900
THE9;11.19642800
THEH;8.80000000
THEI;12.67960300
THEN;8.80000000
THFG;22.54904500
THNK;8.80000000
THNR;11.33218800
THOT;12.24360900
THUK;9.34654100
TIBE;8.80000000
TIES;13.64615500
TIFX;20.20976700
TIGA;8.86251800
TIIL;12.10124100
TIMC;11.10334900
TING;19.87453500
TIPN;12.34309800
TISP;16.59665300
TITK;9.83830000
TIXD;9.85939300
TJEM;8.80000000
TK1;1574.99341600
TKA;318.61013000
TKAG;19.00013800
TKBW;10.60255100
TKC4;8.80000000
TKDB;19.93672300
TKEK;10.05550100
TKGX;24.94873500
TKPN;8.80000000
TKRX;17.15417300
TKWF;20.91314900
TKWP;20.91314900
TKYG;8.80000000
TLEG;10.20034200
TLHA;15.96560300
TLIF;7.92000000
TLIG;13.73138500
TLIN;8.80000000
TLOL;8.80000000
TLRC;8.80000000
TLSG;7.92000000
TLSN;1067.05164500
TLWF;19.74319400
TLX;110.90565900
TLXF;9.48978200
TLXS;15.35992400
TM6Q;13.69683300
TMCH;10.44935600
TME9;11.81541500
TMFX;13.18225100
TMOH;10.13412200
TMON;12.78584600
TMOR;22.76132300
TMRK;9.06124300
TMRL;9.87447200
TMTA;11.58982600
TMTX;12.91001100
TMUE;9.24330200
TMVF;19.67889000
TNC1;176.12420100
TNC2;171.66529300
TNC4;176.40247700
TNC5;107.80388500
TNDA;14.64860100
TNDB;10.75034400
TNE5;84.59029700
TNEF;11.50377400
TNEM;15.97349200
TNET;211.82975200
TNM;228.78757500
TNMF;42.93715000
TNNG;12.06991400
TNRE;17.40812100
TNU3;266.89748300
TNUF;10.79970900
TNVJ;11.60553800
TO2D;10.45271600
TOAF;10.32573200
TOCF;7.92000000
TOCI;11.00227400
TODF;16.50281800
TOMV;15.55879100
TORN;10.10551000
TORP;26.16934300
TOT1;550.66141100
TOT2;372.12122400
TOT4;839.75491600
TOT5;246.98020900
TOTB;240.30600400
TOTG;9.70443000
TOTP;9.70443000
TOZT;15.22838200
TPER;8.80000000
TPHI;12.55444900
TPIR;12.37880400
TPKG;13.51733800
TPLS;14.51874800
TPOR;12.90804100
TPPX;10.79461500
TPRX;18.40764700
TPRY;10.57981300
TPSF;10.02115500
TPSM;14.72868600
TPU4;11.46552300
TPUM;14.10987300
TQI5;89.91723900
TQIA;8.96992500
TQIF;14.10429100
TQIP;14.10535900
TQIR;42.19661000
TQRF;14.34103400
TQSV;8.80000000
TRAA;13.93259500
TRCF;9.48570700
TRCO;9.69654800
TRDS;10.73460000
TRE2;8.80000000
TRE9;8.80000000
TREP;12.39721300
TRHM;18.76802000
TRIB;16.62157000
TRNL;15.83307500
TRPL;9.31335700
TRSF;10.63768100
TRSH;12.09318500
TRUB;9.77567500
TRVF;8.28800100
TRWE;10.85687300
TRXL;13.51010500
TRYA;14.24791000
TSAP;8.80000000
TSB;1842.76022800
TSBM;9.21052000
TSCF;7.92000000
TSDF;16.81688100
TSDR;13.03756800
TSEJ;13.57364000
TSES;11.83901700
TSGE;15.45698800
TSGM;12.52168500
TSHH;11.30708600
TSIE;11.22833800
TSJ7;11.54150800
TSK3;13.65933400
TSLF;19.59645200
TSMP;9.58677500
TSND;10.19996600
TSNF;8.80000000
TSNW;8.80000000
TSOH;16.19162100
TSOL;11.17172400
TSPE;63.57767800
TSQU;10.41458200
TSRT;16.68031700
TSY1;9.74188100
TTAG;16.55789100
TTEB;995.03003000
TTEH;9.59240900
TTEN;13.54766800
TTKA;20.27531600
TTMV;19.60771700
TTNC;9.44359300
TTNE;11.95438600
TTNU;11.71258100
TTOT;9.92537400
TTQI;14.37373100
TTUK;8.80000000
TUBL;17.22828100
TUEI;8.80000000
TUEN;19.31304200
TUFF;8.80000000
TUFG;10.20976200
TUI;512.94849600
TUIG;19.25145500
TUMG;9.97203000
TUN0;35.62582200
TUNC;8.80000000
TUTD;10.46688200
TVER;18.09156300
TVMT;12.16370800
TVO3;12.12665700
TVOE;12.65590000
TVPK;10.42283500
TVSA;16.05634900
TVVD;12.16632200
TVVU;8.80000000
TW7L;11.71085200
TWDP;15.48116500
TWFG;22.55475800
TWIE;15.76548700
TWLN;15.03639700
TWOS;8.80000000
TWTF;15.70118400
TXCA;13.39094800
TXNF;8.51244900
TZAL;19.73541200
U2BL;185924.60799600
U2EI;13063.61089100
U2FG;30826.24894400
U2HR;52812.43672100
U2MG;24942.04703300
U2NC;92102.82881900
U2NI;3.18001900
U2QA;7873.45441500
U2SS;5.48341200
U4BS;6.11413200
UALF;25.17187600
UBL;395.94883400
UBL1;599.92360900
UBL2;693.89172200
UBL4;851.76356500
UBL5;391.15532800
UBLG;16.31680400
UBLP;16.31680400
UBRF;22.51217600
UBS1;1998.76203500
UBS2;971.01307000
UBS4;7656.79309900
UBS5;658.71288100
UBSE;1137.65697900
UBSJ;12.48400000
UBSN;1448.69586100
UBSP;13.87111100
UBXF;22.62119500
UCM;373.59822600
UCMF;9.06627800
UCR1;617.58014400
UCR2;487.85024300
UCR4;964.26977100
UCR5;316.93959600
UEI;162.24999400
UEIF;8.31478200
UEN;228.57787700
UENF;17.85883800
UFGG;9.33757400
UFGP;10.37508200
UHFF;9.02831300
UHR;205.44863200
UHRF;9.33569100
UHRN;291.40389500
UMGF;8.81739800
UMGP;8.81739800
UN01;176.24291700
UN0F;49.36986200
UN9;85.35256600
UN9F;8.75012500
UNC;232.90716300
UNCF;7.92000000
UNHF;9.75805400
UNI;57.62158600
UNI1;154.38403800
UNI2;155.25335100
UNI4;151.56672600
UNI5;94.53158400
UNIH;7.92000000
UNIP;7.92000000
UNPF;9.21762800
UPSF;9.68847800
UTDG;9.57308600
UTDI;1066.14070700
UTXF;8.66943800
UUFF;7.93633100
V1SF;12.63553200
V2OE;3.88815600
V2OS;67461.79454600
V2SA;34032.95019100
V2VD;5.34934400
V2W3;221513.91776800
V2ZF;3.39161800
V3AC;465672.13333300
V3VD;27601.04931800
V4LF;14.92248800
V4O;1.59641100
V5VU;3.67948100
V6VU;9063.25837400
VAC;103.06138600
VACI;21.48686700
VAGF;14.96943200
VAGN;186.66470900
VALF;18.79638400
VALN;392.95533100
VARF;35.19960200
VASG;12.35290800
VATF;7.92000000
VATN;471.26711700
VBKF;24.24282900
VER;334.66190700
VERG;16.46601200
VHMH;10.93416200
VICF;7.92000000
VICP;8.80000000
VISG;8.77284100
VMTF;11.16926300
VO3;653.75889400
VO31;2783.36216000
VO32;1473.08232200
VO34;2273.50635400
VO35;762.66301400
VO3E;1631.50840100
VO3G;11.26800000
VO3P;11.26800000
VOD;687.18852500
VODH;8.76311800
VOE;1352.79385100
VOLF;11.10256300
VONN;1006.37391000
VOS;851.33667400
VOW;5208.75027100
VOWG;12.38972800
VPK;144.65586900
VPKF;11.18557300
VSA;546.78468100
VSAG;16.17920400
VTCF;8.80000000
VTSG;8.50395100
VTWF;11.15276600
VVAB;60.13647800
VVD;341.64356600
VVDH;12.12658000
VVDP;13.66295400
VVUJ;7.92000000
VVUQ;7.92000000
VZFF;7.92000000
W2MT;4.05220100
W2PF;5.02495200
W7L;455.71026100
W7LF;10.89452700
WAF;80.36765300
WCH;516.91815100
WCHG;15.89132200
WDPF;14.30079200
WEIF;13.38350500
WER;549.82878400
WERH;14.86469600
WIBG;14.66587700
WIE;228.10339600
WLNF;13.57412700
WLPF;8.80239400
WLYI;11.93528700
WLYJ;11.89410100
WMTF;9.34045800
WOS;507.95379100
WOSF;7.92000000
WOSP;7.92000000
WPPF;11.31192800
WST;2827.45915900
WSTG;11.33607500
WTBF;11.50566900
X2CA;15865.94007700
X2MF;5.25818100
XCA;4445.73386100
XCAH;12.65849400
XCAP;14.06499400
XLEN;12.63738400
XLIN;9.77615600
XLPR;8.80000000
XLXB;9.79878100
XMT;6680.31750100
XMTF;9.00000000
XOMF;12.10362900
XPGF;15.54616600
YITG;13.92473000
YOUF;18.38661000
YPS;2709.91631000
YPSF;11.98099400
YT2F;10.40580800
Z2UR;508577.44977200
ZAG;652.18475400
ZAGF;10.73174900
ZAL;111.34078400
ZALF;18.56723800
ZALP;8.80000000
ZIL;836.43155800
ZURE;6053.54276600
ZURF;9.37557300
ZURN;1041.94613300
ZURP;10.41730400
ZURQ;10.41730400
ZUW1;68695.16533000
ZUW2;9196.99223400
ZUW4;26235.18028300
ZUW5;1038.08588100
