"Datum","Zuletzt","Eröffn.","Hoch","Tief","+/- %"
"14.09.2022","1,695","1,762","1,805","1,681","-3,50%"
"13.09.2022","1,757","1,711","1,788","1,708","2,54%"
"12.09.2022","1,713","1,776","1,833","1,700","-3,48%"
"09.09.2022","1,775","1,739","1,818","1,718","1,63%"
"08.09.2022","1,747","1,637","1,754","1,593","5,72%"
"07.09.2022","1,652","1,721","1,738","1,629","-2,53%"
"06.09.2022","1,695","1,677","1,760","1,598","0,73%"
"05.09.2022","1,683","1,657","1,721","1,610","1,79%"
"02.09.2022","1,653","1,673","1,732","1,616","-1,39%"
"01.09.2022","1,676","1,648","1,720","1,630","4,60%"
"31.08.2022","1,603","1,571","1,657","1,546","1,72%"
"30.08.2022","1,576","1,572","1,617","1,539","0,00%"
"29.08.2022","1,576","1,490","1,618","1,490","5,55%"
"26.08.2022","1,493","1,470","1,556","1,469","1,28%"
"25.08.2022","1,474","1,468","1,520","1,442","0,40%"
"24.08.2022","1,468","1,460","1,518","1,446","0,45%"
"23.08.2022","1,461","1,427","1,497","1,368","2,72%"
"22.08.2022","1,423","1,367","1,428","1,331","3,80%"
"20.08.2022","1,370","1,370","1,370","1,370","-1,35%"
"19.08.2022","1,389","1,307","1,398","1,299","10,54%"
"18.08.2022","1,257","1,253","1,291","1,229","0,22%"
"17.08.2022","1,254","1,189","1,307","1,186","4,73%"
"16.08.2022","1,197","1,123","1,232","1,123","6,89%"
"15.08.2022","1,120","1,201","1,223","1,104","-7,25%"
"12.08.2022","1,208","1,197","1,258","1,185","1,64%"
"11.08.2022","1,188","1,093","1,211","1,067","8,66%"
"10.08.2022","1,094","1,133","1,145","1,040","-2,87%"
"09.08.2022","1,126","1,085","1,153","1,066","3,19%"
"08.08.2022","1,091","1,139","1,144","1,066","-4,56%"
"05.08.2022","1,143","1,016","1,151","0,998","12,29%"
"04.08.2022","1,018","1,046","1,064","0,992","-2,62%"
"03.08.2022","1,046","1,008","1,084","0,980","7,10%"
"02.08.2022","0,976","1,015","1,015","0,924","-1,90%"
"01.08.2022","0,995","1,065","1,096","0,995","-5,55%"
"29.07.2022","1,054","1,086","1,161","1,036","-0,83%"
"28.07.2022","1,062","1,174","1,242","1,061","-9,49%"
"27.07.2022","1,174","1,174","1,220","1,163","-0,33%"
"26.07.2022","1,178","1,253","1,264","1,165","-6,91%"
"25.07.2022","1,265","1,271","1,317","1,244","0,42%"
"22.07.2022","1,260","1,375","1,380","1,226","-8,20%"
"21.07.2022","1,372","1,424","1,502","1,349","-4,28%"
"20.07.2022","1,434","1,437","1,459","1,365","-0,47%"
"19.07.2022","1,441","1,410","1,469","1,370","2,33%"
"18.07.2022","1,408","1,329","1,434","1,318","5,80%"
"16.07.2022","1,331","1,331","1,331","1,331","0,24%"
"15.07.2022","1,327","1,352","1,368","1,284","-2,28%"
"14.07.2022","1,358","1,346","1,410","1,319","1,25%"
"13.07.2022","1,341","1,387","1,423","1,326","-2,27%"
"12.07.2022","1,373","1,503","1,504","1,331","-8,47%"
"11.07.2022","1,500","1,554","1,560","1,468","-4,39%"
"09.07.2022","1,569","1,569","1,569","1,569","0,18%"
"08.07.2022","1,566","1,512","1,571","1,475","4,76%"
"07.07.2022","1,495","1,479","1,569","1,479","1,02%"
"06.07.2022","1,480","1,460","1,516","1,399","1,27%"
"05.07.2022","1,461","1,597","1,616","1,453","-9,22%"
"04.07.2022","1,609","1,523","1,626","1,519","6,16%"
"01.07.2022","1,516","1,579","1,667","1,465","-5,05%"
"30.06.2022","1,597","1,702","1,711","1,579","-5,55%"
"29.06.2022","1,690","1,787","1,804","1,685","-5,94%"
"28.06.2022","1,797","1,709","1,822","1,700","5,24%"
"27.06.2022","1,708","1,650","1,740","1,647","3,57%"
"24.06.2022","1,649","1,643","1,712","1,587","0,65%"
"23.06.2022","1,638","1,790","1,811","1,605","-7,85%"
"22.06.2022","1,778","1,919","1,922","1,750","-6,57%"
"21.06.2022","1,903","1,883","1,937","1,864","1,59%"
"20.06.2022","1,873","1,794","1,882","1,764","4,85%"
"19.06.2022","1,786","1,786","1,786","1,786","0,00%"
"18.06.2022","1,786","1,786","1,786","1,786","-0,65%"
"17.06.2022","1,798","1,792","1,860","1,743","1,06%"
"16.06.2022","1,779","1,744","1,927","1,720","1,65%"
"15.06.2022","1,750","1,792","1,837","1,718","-1,77%"
"14.06.2022","1,782","1,656","1,790","1,606","8,35%"
"13.06.2022","1,645","1,594","1,655","1,563","3,97%"
"10.06.2022","1,582","1,556","1,586","1,486","2,24%"
"09.06.2022","1,547","1,517","1,580","1,501","2,21%"
"08.06.2022","1,513","1,448","1,520","1,446","5,16%"
"07.06.2022","1,439","1,487","1,502","1,439","-3,31%"
"06.06.2022","1,488","1,419","1,502","1,406","4,73%"
"03.06.2022","1,421","1,389","1,443","1,382","2,01%"
"02.06.2022","1,393","1,363","1,426","1,361","1,97%"
"01.06.2022","1,366","1,283","1,372","1,280","5,88%"
"31.05.2022","1,291","1,225","1,315","1,208","5,91%"
"30.05.2022","1,219","1,157","1,251","1,157","5,73%"
"29.05.2022","1,153","1,153","1,153","1,153","0,10%"
"27.05.2022","1,151","1,196","1,196","1,107","-3,37%"
"26.05.2022","1,191","1,130","1,207","1,075","7,90%"
"25.05.2022","1,104","1,095","1,130","1,039","2,35%"
"24.05.2022","1,079","1,110","1,157","1,071","-3,63%"
"23.05.2022","1,119","1,044","1,121","1,026","8,15%"
"20.05.2022","1,035","0,993","1,087","0,993","4,49%"
"19.05.2022","0,990","1,069","1,087","0,942","-5,92%"
"18.05.2022","1,053","1,092","1,125","1,051","-4,14%"
"17.05.2022","1,098","1,022","1,126","1,022","7,77%"
"16.05.2022","1,019","1,033","1,104","1,014","-1,25%"
"14.05.2022","1,032","1,032","1,032","1,032","-1,20%"
"13.05.2022","1,044","1,006","1,056","0,978","8,96%"
"12.05.2022","0,959","1,008","1,011","0,938","-10,38%"
"11.05.2022","1,070","1,089","1,150","1,038","0,89%"
"10.05.2022","1,060","1,152","1,168","1,053","-7,27%"
"09.05.2022","1,143","1,181","1,230","1,142","-1,07%"
"06.05.2022","1,156","1,089","1,172","1,070","5,88%"
"05.05.2022","1,092","1,028","1,093","0,962","8,62%"
"04.05.2022","1,005","1,002","1,060","0,986","1,29%"
"03.05.2022","0,992","1,043","1,086","0,964","-5,11%"
"02.05.2022","1,046","1,007","1,057","0,962","4,93%"
"29.04.2022","0,996","0,966","1,023","0,924","3,48%"
"28.04.2022","0,963","0,883","0,988","0,850","8,30%"
"27.04.2022","0,889","0,892","0,912","0,849","3,88%"
"26.04.2022","0,856","0,933","0,942","0,848","-4,26%"
"25.04.2022","0,894","0,977","0,977","0,882","-7,95%"
"22.04.2022","0,971","0,980","0,992","0,928","1,11%"
"21.04.2022","0,961","0,942","0,982","0,915","4,82%"
"20.04.2022","0,916","0,994","1,020","0,898","-8,53%"
"19.04.2022","1,002","0,934","1,043","0,927","7,95%"
"18.04.2022","0,928","0,925","0,928","0,925","0,00%"
"15.04.2022","0,928","0,925","0,928","0,925","0,55%"
"14.04.2022","0,923","0,830","0,940","0,812","11,57%"
"13.04.2022","0,827","0,879","0,908","0,807","-1,51%"
"12.04.2022","0,840","0,851","0,891","0,804","0,57%"
"11.04.2022","0,835","0,746","0,841","0,728","16,16%"
"08.04.2022","0,719","0,719","0,746","0,692","1,31%"
"07.04.2022","0,710","0,693","0,752","0,675","2,59%"
"06.04.2022","0,692","0,634","0,719","0,630","10,09%"
"05.04.2022","0,628","0,554","0,654","0,541","13,91%"
"04.04.2022","0,552","0,592","0,595","0,520","-5,39%"
"01.04.2022","0,583","0,566","0,647","0,566","3,77%"
"31.03.2022","0,562","0,632","0,651","0,532","-12,64%"
"30.03.2022","0,643","0,619","0,704","0,599","1,55%"
"29.03.2022","0,633","0,578","0,723","0,577","9,51%"
"28.03.2022","0,578","0,604","0,623","0,557","-1,58%"
"25.03.2022","0,588","0,562","0,617","0,527","6,35%"
"24.03.2022","0,553","0,514","0,598","0,496","5,42%"
"23.03.2022","0,524","0,578","0,580","0,521","-6,04%"
"22.03.2022","0,558","0,545","0,582","0,536","2,82%"
"21.03.2022","0,543","0,448","0,545","0,448","22,71%"
"18.03.2022","0,442","0,446","0,479","0,420","-3,56%"
"17.03.2022","0,458","0,456","0,485","0,393","-1,44%"
"16.03.2022","0,465","0,455","0,483","0,436","12,97%"
"15.03.2022","0,412","0,425","0,440","0,379","-5,79%"
"14.03.2022","0,437","0,310","0,445","0,301","39,80%"
"11.03.2022","0,313","0,315","0,360","0,295","-1,85%"
"10.03.2022","0,319","0,285","0,361","0,239","16,45%"
"09.03.2022","0,273","0,187","0,305","0,167","43,27%"
"08.03.2022","0,191","0,040","0,230","0,018","279,52%"
"07.03.2022","0,050","0,018","0,066","-0,038","-1.579,41%"
"04.03.2022","-0,003","0,152","0,157","-0,007","-102,31%"
"03.03.2022","0,147","0,170","0,205","0,145","-7,99%"
"02.03.2022","0,160","0,130","0,178","0,112","27,63%"
"01.03.2022","0,126","0,275","0,291","0,113","-56,27%"
"28.02.2022","0,287","0,296","0,360","0,282","-15,53%"
"25.02.2022","0,340","0,307","0,356","0,274","12,47%"
"24.02.2022","0,302","0,332","0,332","0,233","-8,31%"
"23.02.2022","0,330","0,368","0,377","0,320","-10,60%"
"22.02.2022","0,369","0,341","0,405","0,285","8,98%"
"21.02.2022","0,338","0,348","0,386","0,313","-3,59%"
"18.02.2022","0,351","0,371","0,399","0,342","-4,98%"
"17.02.2022","0,369","0,405","0,419","0,362","-9,55%"
"16.02.2022","0,408","0,426","0,456","0,388","-4,87%"
"15.02.2022","0,429","0,356","0,445","0,342","17,52%"
"14.02.2022","0,365","0,312","0,369","0,269","-1,03%"
"11.02.2022","0,369","0,340","0,374","0,298","3,85%"
"10.02.2022","0,355","0,305","0,359","0,302","13,69%"
"09.02.2022","0,313","0,330","0,342","0,292","-6,94%"
"08.02.2022","0,336","0,277","0,354","0,272","20,87%"
"07.02.2022","0,278","0,239","0,307","0,228","18,51%"
"05.02.2022","0,235","0,235","0,235","0,235","-0,68%"
"04.02.2022","0,236","0,208","0,265","0,174","13,95%"
"03.02.2022","0,207","0,157","0,233","0,147","35,87%"
"02.02.2022","0,153","0,183","0,184","0,150","-14,37%"
"01.02.2022","0,178","0,141","0,189","0,123","22,66%"
"31.01.2022","0,145","0,109","0,171","0,093","41,52%"
"28.01.2022","0,103","0,091","0,142","0,081","11,04%"
"27.01.2022","0,092","0,131","0,141","0,091","-17,35%"
"26.01.2022","0,112","0,102","0,127","0,095","14,67%"
"25.01.2022","0,097","0,067","0,110","0,062","45,31%"
"24.01.2022","0,067","0,095","0,102","0,052","-27,85%"
"22.01.2022","0,093","0,093","0,093","0,093","-3,23%"
"21.01.2022","0,096","0,109","0,123","0,069","-28,12%"
"20.01.2022","0,134","0,157","0,174","0,121","-14,18%"
"19.01.2022","0,156","0,146","0,187","0,146","7,15%"
"18.01.2022","0,145","0,134","0,160","0,123","8,02%"
"17.01.2022","0,135","0,123","0,149","0,120","15,24%"
"14.01.2022","0,117","0,075","0,126","0,053","49,55%"
"13.01.2022","0,078","0,123","0,145","0,067","-34,92%"
"12.01.2022","0,120","0,154","0,169","0,106","-22,18%"
"11.01.2022","0,154","0,151","0,178","0,129","-0,71%"
"10.01.2022","0,155","0,149","0,176","0,132","1,77%"
"07.01.2022","0,153","0,125","0,153","0,117","20,82%"
"06.01.2022","0,126","0,130","0,170","0,122","0,64%"
"05.01.2022","0,125","0,125","0,131","0,105","2,53%"
"04.01.2022","0,122","0,123","0,131","0,092","4,53%"
"03.01.2022","0,117","0,065","0,124","0,043","71,70%"
"31.12.2021","0,068","0,068","0,068","0,068","8,43%"
"30.12.2021","0,063","0,053","0,068","0,025","15,20%"
"29.12.2021","0,055","-0,015","0,058","-0,017","-391,98%"
"28.12.2021","-0,019","-0,018","-0,002","-0,030","0,00%"
"27.12.2021","-0,018","-0,013","0,010","-0,021","142,67%"
"24.12.2021","-0,007","-0,007","-0,007","-0,007","-20,21%"
"23.12.2021","-0,009","-0,054","0,017","-0,060","-84,62%"
"22.12.2021","-0,061","-0,066","-0,028","-0,071","12,73%"
"21.12.2021","-0,054","-0,132","-0,039","-0,139","-57,32%"
"20.12.2021","-0,127","-0,160","-0,120","-0,193","-17,43%"
"17.12.2021","-0,154","-0,123","-0,123","-0,169","21,10%"
"16.12.2021","-0,127","-0,163","-0,088","-0,165","-21,36%"
"15.12.2021","-0,162","-0,172","-0,142","-0,188","-6,00%"
"14.12.2021","-0,172","-0,186","-0,154","-0,193","-9,10%"
"13.12.2021","-0,189","-0,149","-0,129","-0,192","22,65%"
"10.12.2021","-0,154","-0,157","-0,132","-0,164","-4,46%"
"09.12.2021","-0,161","-0,146","-0,140","-0,182","18,78%"
"08.12.2021","-0,136","-0,213","-0,129","-0,247","-35,18%"
"07.12.2021","-0,209","-0,185","-0,170","-0,221","0,00%"
"06.12.2021","-0,209","-0,215","-0,188","-0,221","0,00%"
"03.12.2021","-0,210","-0,192","-0,174","-0,211","9,96%"
"02.12.2021","-0,191","-0,178","-0,155","-0,213","16,27%"
"01.12.2021","-0,164","-0,186","-0,142","-0,186","-5,58%"
"30.11.2021","-0,174","-0,130","-0,117","-0,177","49,96%"
"29.11.2021","-0,116","-0,107","-0,078","-0,119","2,11%"
"27.11.2021","-0,113","-0,113","-0,113","-0,113","0,53%"
"26.11.2021","-0,113","-0,098","-0,076","-0,128","191,73%"
"25.11.2021","-0,039","-0,011","0,001","-0,048","6.350,00%"
"24.11.2021","-0,001","-0,017","0,026","-0,038","-97,95%"
"23.11.2021","-0,029","-0,073","-0,019","-0,086","-66,82%"
"22.11.2021","-0,088","-0,129","-0,080","-0,143","-31,73%"
"19.11.2021","-0,129","-0,084","-0,063","-0,134","54,74%"
"18.11.2021","-0,083","-0,053","-0,038","-0,084","161,13%"
"17.11.2021","-0,032","-0,026","0,001","-0,037","4,59%"
"16.11.2021","-0,031","-0,036","-0,004","-0,041","-11,59%"
"15.11.2021","-0,034","-0,060","-0,034","-0,092","-37,39%"
"12.11.2021","-0,055","-0,046","-0,034","-0,067","15,03%"
"11.11.2021","-0,048","-0,056","-0,033","-0,072","-21,60%"
"10.11.2021","-0,061","-0,097","-0,052","-0,105","-42,52%"
"09.11.2021","-0,106","-0,019","-0,002","-0,109","2.937,14%"
"08.11.2021","-0,004","-0,035","-0,001","-0,053","-92,93%"
"05.11.2021","-0,049","0,038","0,050","-0,055","-203,34%"
"04.11.2021","0,048","0,055","0,078","0,028","38,04%"
"03.11.2021","0,035","0,059","0,059","0,001","-46,12%"
"02.11.2021","0,064","0,055","0,075","0,042","27,27%"
"01.11.2021","0,051","0,020","0,077","0,015","94,62%"
"29.10.2021","0,026","0,045","0,073","0,005","-35,80%"
"28.10.2021","0,041","0,031","0,067","0,001","17,39%"
"27.10.2021","0,034","0,110","0,122","0,032","-72,83%"
"26.10.2021","0,127","0,147","0,158","0,105","-13,61%"
"25.10.2021","0,147","0,119","0,168","0,114","23,01%"
"23.10.2021","0,119","0,119","0,119","0,119","-6,35%"
"22.10.2021","0,128","0,150","0,166","0,116","-14,88%"
"21.10.2021","0,150","0,175","0,185","0,150","-9,21%"
"20.10.2021","0,165","0,170","0,185","0,150","1,60%"
"19.10.2021","0,162","0,106","0,170","0,096","41,67%"
"18.10.2021","0,115","0,157","0,162","0,105","-22,50%"
"15.10.2021","0,148","0,132","0,174","0,132","6,40%"
"14.10.2021","0,139","0,191","0,211","0,135","-27,10%"
"13.10.2021","0,191","0,255","0,260","0,179","-28,11%"
"12.10.2021","0,265","0,249","0,276","0,235","7,41%"
"11.10.2021","0,247","0,237","0,264","0,225","10,51%"
"08.10.2021","0,224","0,195","0,232","0,193","14,08%"
"07.10.2021","0,196","0,212","0,215","0,173","1,34%"
"06.10.2021","0,193","0,208","0,225","0,170","3,04%"
"05.10.2021","0,188","0,161","0,196","0,140","18,87%"
"04.10.2021","0,158","0,147","0,181","0,140","2,40%"
"01.10.2021","0,154","0,154","0,174","0,127","-12,04%"
"30.09.2021","0,175","0,144","0,189","0,133","23,62%"
"29.09.2021","0,142","0,160","0,170","0,124","-6,46%"
"28.09.2021","0,152","0,163","0,185","0,140","7,59%"
"27.09.2021","0,141","0,135","0,186","0,131","-5,12%"
"25.09.2021","0,148","0,148","0,148","0,148","-1,07%"
"24.09.2021","0,150","0,113","0,161","0,113","30,41%"
"23.09.2021","0,115","0,051","0,126","0,051","131,12%"
"22.09.2021","0,050","0,064","0,077","0,047","0,00%"
"21.09.2021","0,050","0,067","0,094","0,039","-23,30%"
"20.09.2021","0,065","0,105","0,106","0,043","-36,78%"
"19.09.2021","0,102","0,102","0,102","0,102","-2,10%"
"17.09.2021","0,105","0,085","0,124","0,080","29,58%"
"16.09.2021","0,081","0,075","0,112","0,071","2,93%"
"15.09.2021","0,079","0,044","0,081","0,032","78,82%"
"14.09.2021","0,044","0,058","0,092","0,027","-22,30%"
"13.09.2021","0,056","0,037","0,064","0,036","21,51%"
"12.09.2021","0,047","0,047","0,047","0,047","0,00%"
"11.09.2021","0,047","0,045","0,047","0,045","5,68%"
"10.09.2021","0,044","0,012","0,049","0,011","137,84%"
"09.09.2021","0,019","0,051","0,066","0,011","-69,01%"
"08.09.2021","0,060","0,067","0,077","0,033","-14,22%"
"07.09.2021","0,070","0,031","0,082","0,031","164,64%"
"06.09.2021","0,026","0,031","0,050","0,017","-20,54%"
"03.09.2021","0,033","0,013","0,054","-0,002","244,79%"
"02.09.2021","0,010","0,013","0,017","-0,012","-22,58%"
"01.09.2021","0,012","-0,003","0,033","-0,016","-209,73%"
"31.08.2021","-0,011","-0,067","-0,002","-0,078","-83,26%"
"30.08.2021","-0,068","-0,056","-0,033","-0,071","45,79%"
"27.08.2021","-0,046","-0,044","-0,029","-0,056","-18,20%"
"26.08.2021","-0,057","-0,059","-0,028","-0,064","13,65%"
"25.08.2021","-0,050","-0,123","-0,041","-0,130","-61,25%"
"24.08.2021","-0,128","-0,123","-0,105","-0,141","2,39%"
"23.08.2021","-0,125","-0,140","-0,102","-0,150","-16,44%"
"20.08.2021","-0,150","-0,150","-0,139","-0,160","0,74%"
"19.08.2021","-0,149","-0,146","-0,128","-0,162","14,08%"
"18.08.2021","-0,131","-0,116","-0,114","-0,141","13,65%"
"17.08.2021","-0,115","-0,126","-0,110","-0,154","-1,20%"
"16.08.2021","-0,116","-0,145","-0,098","-0,145","-1,85%"
"13.08.2021","-0,119","-0,108","-0,088","-0,127","7,62%"
"12.08.2021","-0,110","-0,105","-0,086","-0,115","7,72%"
"11.08.2021","-0,102","-0,103","-0,077","-0,108","0,00%"
"10.08.2021","-0,102","-0,102","-0,091","-0,132","-4,93%"
"09.08.2021","-0,108","-0,106","-0,096","-0,126","13,74%"
"06.08.2021","-0,095","-0,146","-0,088","-0,148","-30,95%"
"05.08.2021","-0,137","-0,134","-0,130","-0,166","8,73%"
"04.08.2021","-0,126","-0,115","-0,095","-0,162","18,53%"
"03.08.2021","-0,106","-0,095","-0,080","-0,117","6,94%"
"02.08.2021","-0,099","-0,079","-0,054","-0,101","32,36%"
"30.07.2021","-0,075","-0,080","-0,047","-0,080","17,90%"
"29.07.2021","-0,064","-0,064","-0,028","-0,075","16,45%"
"28.07.2021","-0,055","-0,064","-0,039","-0,075","-9,59%"
"27.07.2021","-0,060","-0,039","-0,027","-0,064","129,17%"
"26.07.2021","-0,026","-0,044","-0,009","-0,069","-8,97%"
"23.07.2021","-0,029","-0,043","-0,007","-0,043","-19,67%"
"22.07.2021","-0,036","-0,015","0,009","-0,037","193,50%"
"21.07.2021","-0,012","-0,050","-0,002","-0,065","-71,85%"
"20.07.2021","-0,044","-0,018","-0,011","-0,082","193,29%"
"19.07.2021","-0,015","0,012","0,029","-0,035","-140,71%"
"16.07.2021","0,037","0,045","0,061","0,032","-35,90%"
"15.07.2021","0,057","0,069","0,085","0,048","-35,41%"
"14.07.2021","0,088","0,123","0,140","0,082","-22,73%"
"13.07.2021","0,114","0,106","0,125","0,088","10,53%"
"12.07.2021","0,104","0,104","0,116","0,082","-4,61%"
"09.07.2021","0,108","0,096","0,118","0,078","36,65%"
"08.07.2021","0,079","0,085","0,087","0,038","-20,28%"
"07.07.2021","0,100","0,132","0,142","0,074","-21,02%"
"06.07.2021","0,126","0,203","0,215","0,124","-37,45%"
"05.07.2021","0,202","0,179","0,207","0,176","15,53%"
"04.07.2021","0,175","0,175","0,175","0,175","-1,86%"
"02.07.2021","0,178","0,207","0,219","0,168","-15,53%"
"01.07.2021","0,211","0,208","0,235","0,198","5,99%"
"30.06.2021","0,199","0,235","0,248","0,188","-15,13%"
"29.06.2021","0,234","0,227","0,250","0,212","5,50%"
"28.06.2021","0,222","0,249","0,257","0,220","-10,49%"
"25.06.2021","0,248","0,215","0,259","0,207","18,17%"
"24.06.2021","0,210","0,217","0,234","0,206","-1,32%"
"23.06.2021","0,213","0,219","0,236","0,190","-3,98%"
"22.06.2021","0,221","0,221","0,248","0,200","7,85%"
"21.06.2021","0,205","0,130","0,216","0,129","30,70%"
"20.06.2021","0,157","0,157","0,157","0,157","0,00%"
"19.06.2021","0,157","0,157","0,157","0,157","0,96%"
"18.06.2021","0,155","0,179","0,198","0,134","-21,03%"
"17.06.2021","0,197","0,236","0,256","0,197","-6,59%"
"16.06.2021","0,211","0,225","0,233","0,209","-6,85%"
"15.06.2021","0,226","0,203","0,233","0,193","8,02%"
"14.06.2021","0,209","0,189","0,216","0,182","7,77%"
"11.06.2021","0,194","0,217","0,217","0,178","-12,83%"
"10.06.2021","0,223","0,206","0,255","0,203","4,69%"
"09.06.2021","0,213","0,233","0,240","0,188","-8,39%"
"08.06.2021","0,233","0,254","0,264","0,218","-10,13%"
"07.06.2021","0,259","0,253","0,280","0,248","1,25%"
"05.06.2021","0,255","0,255","0,255","0,255","-1,31%"
"04.06.2021","0,259","0,282","0,291","0,249","-8,29%"
"03.06.2021","0,282","0,272","0,295","0,265","4,59%"
"02.06.2021","0,270","0,280","0,292","0,266","-6,67%"
"01.06.2021","0,289","0,280","0,299","0,264","5,70%"
"31.05.2021","0,274","0,298","0,322","0,273","-4,30%"
"28.05.2021","0,286","0,294","0,315","0,279","-1,85%"
"27.05.2021","0,291","0,251","0,305","0,245","14,19%"
"26.05.2021","0,255","0,301","0,306","0,247","-15,45%"
"25.05.2021","0,302","0,323","0,327","0,296","-5,22%"
"24.05.2021","0,318","0,316","0,345","0,307","-2,84%"
"21.05.2021","0,328","0,341","0,350","0,310","-4,01%"
"20.05.2021","0,341","0,361","0,375","0,339","-2,01%"
"19.05.2021","0,348","0,361","0,400","0,333","-2,66%"
"18.05.2021","0,358","0,352","0,366","0,328","3,44%"
"17.05.2021","0,346","0,324","0,366","0,312","3,22%"
"14.05.2021","0,335","0,336","0,351","0,317","-2,47%"
"13.05.2021","0,344","0,345","0,373","0,333","0,23%"
"12.05.2021","0,343","0,320","0,352","0,292","10,58%"
"11.05.2021","0,310","0,259","0,325","0,258","19,18%"
"10.05.2021","0,260","0,261","0,278","0,251","4,08%"
"07.05.2021","0,250","0,241","0,262","0,200","5,44%"
"06.05.2021","0,237","0,234","0,266","0,212","2,16%"
"05.05.2021","0,232","0,225","0,254","0,219","5,31%"
"04.05.2021","0,220","0,259","0,280","0,209","-15,79%"
"03.05.2021","0,262","0,264","0,300","0,239","0,85%"
"30.04.2021","0,259","0,260","0,268","0,242","-1,22%"
"29.04.2021","0,263","0,214","0,281","0,211","24,69%"
"28.04.2021","0,211","0,201","0,243","0,196","10,49%"
"27.04.2021","0,191","0,189","0,203","0,177","2,86%"
"26.04.2021","0,185","0,199","0,221","0,179","-1,70%"
"23.04.2021","0,189","0,174","0,203","0,160","3,57%"
"22.04.2021","0,182","0,179","0,199","0,153","0,83%"
"21.04.2021","0,181","0,181","0,206","0,164","-2,54%"
"20.04.2021","0,185","0,225","0,235","0,184","-12,14%"
"19.04.2021","0,211","0,185","0,235","0,177","11,53%"
"17.04.2021","0,189","0,189","0,189","0,189","-1,77%"
"16.04.2021","0,192","0,176","0,203","0,165","18,99%"
"15.04.2021","0,162","0,198","0,207","0,158","-14,31%"
"14.04.2021","0,189","0,150","0,199","0,142","14,43%"
"13.04.2021","0,165","0,171","0,187","0,152","2,74%"
"12.04.2021","0,161","0,142","0,169","0,114","8,15%"
"09.04.2021","0,148","0,129","0,176","0,126","18,91%"
"08.04.2021","0,125","0,142","0,146","0,108","-9,76%"
"07.04.2021","0,138","0,136","0,147","0,106","1,10%"
"06.04.2021","0,137","0,128","0,161","0,118","8,57%"
"05.04.2021","0,126","0,126","0,126","0,126","0,80%"
"02.04.2021","0,125","0,126","0,126","0,125","-1,65%"
"01.04.2021","0,127","0,158","0,165","0,122","-20,01%"
"31.03.2021","0,159","0,176","0,192","0,145","-9,72%"
"30.03.2021","0,176","0,167","0,206","0,148","20,55%"
"29.03.2021","0,146","0,104","0,155","0,093","32,49%"
"26.03.2021","0,110","0,081","0,136","0,070","57,88%"
"25.03.2021","0,070","0,097","0,110","0,063","-33,59%"
"24.03.2021","0,105","0,101","0,129","0,085","-17,44%"
"23.03.2021","0,127","0,149","0,161","0,112","-21,23%"
"22.03.2021","0,162","0,153","0,182","0,139","-9,21%"
"19.03.2021","0,178","0,169","0,201","0,152","-11,40%"
"18.03.2021","0,201","0,165","0,216","0,157","26,04%"
"17.03.2021","0,159","0,115","0,174","0,102","50,95%"
"16.03.2021","0,106","0,103","0,123","0,087","-2,49%"
"15.03.2021","0,108","0,118","0,147","0,099","-26,18%"
"12.03.2021","0,147","0,094","0,150","0,091","61,21%"
"11.03.2021","0,091","0,092","0,105","0,039","-10,17%"
"10.03.2021","0,101","0,110","0,124","0,085","-7,57%"
"09.03.2021","0,110","0,116","0,123","0,069","-16,97%"
"08.03.2021","0,132","0,129","0,142","0,110","14,19%"
"05.03.2021","0,116","0,127","0,149","0,105","4,43%"
"04.03.2021","0,111","0,127","0,132","0,090","-10,58%"
"03.03.2021","0,124","0,050","0,141","0,045","97,76%"
"02.03.2021","0,063","0,050","0,106","0,040","7,01%"
"01.03.2021","0,058","0,090","0,103","0,043","-47,06%"
"26.02.2021","0,111","0,155","0,167","0,074","-30,98%"
"25.02.2021","0,160","0,131","0,183","0,126","41,56%"
"24.02.2021","0,113","0,081","0,154","0,080","17,45%"
"23.02.2021","0,096","0,073","0,138","0,070","42,88%"
"22.02.2021","0,067","0,159","0,163","0,053","-39,66%"
"19.02.2021","0,112","0,069","0,123","0,068","55,79%"
"18.02.2021","0,072","0,042","0,098","0,041","47,53%"
"17.02.2021","0,049","0,084","0,096","0,043","-33,24%"
"16.02.2021","0,073","0,025","0,077","0,011","95,70%"
"15.02.2021","0,037","0,026","0,049","0,019","-417,95%"
"12.02.2021","-0,012","-0,057","-0,000","-0,072","-80,53%"
"11.02.2021","-0,060","-0,047","-0,043","-0,082","39,44%"
"10.02.2021","-0,043","-0,057","-0,034","-0,074","-32,66%"
"09.02.2021","-0,064","-0,059","-0,040","-0,076","10,92%"
"08.02.2021","-0,058","-0,046","-0,022","-0,061","-5,87%"
"05.02.2021","-0,061","-0,079","-0,022","-0,092","-21,31%"
"04.02.2021","-0,078","-0,075","-0,058","-0,099","-15,69%"
"03.02.2021","-0,092","-0,113","-0,082","-0,119","-24,08%"
"02.02.2021","-0,122","-0,141","-0,106","-0,151","-20,87%"
"01.02.2021","-0,154","-0,161","-0,131","-0,169","-2,78%"
"29.01.2021","-0,158","-0,178","-0,118","-0,188","-12,84%"
"28.01.2021","-0,182","-0,200","-0,178","-0,215","-8,52%"
"27.01.2021","-0,198","-0,191","-0,178","-0,223","2,64%"
"26.01.2021","-0,193","-0,223","-0,182","-0,225","-11,33%"
"25.01.2021","-0,218","-0,172","-0,164","-0,224","24,15%"
"22.01.2021","-0,176","-0,148","-0,143","-0,186","9,75%"
"21.01.2021","-0,160","-0,204","-0,141","-0,207","-19,15%"
"20.01.2021","-0,198","-0,191","-0,182","-0,207","0,00%"
"19.01.2021","-0,198","-0,191","-0,172","-0,200","1,38%"
"18.01.2021","-0,195","-0,216","-0,178","-0,226","-8,43%"
"15.01.2021","-0,213","-0,231","-0,196","-0,237","-8,14%"
"14.01.2021","-0,232","-0,200","-0,198","-0,244","12,60%"
"13.01.2021","-0,206","-0,168","-0,145","-0,212","41,01%"
"12.01.2021","-0,146","-0,160","-0,128","-0,165","-13,53%"
"11.01.2021","-0,169","-0,206","-0,162","-0,222","-17,22%"
"08.01.2021","-0,204","-0,209","-0,194","-0,222","2,56%"
"07.01.2021","-0,199","-0,213","-0,192","-0,236","-3,39%"
"06.01.2021","-0,206","-0,246","-0,193","-0,246","-31,28%"
"05.01.2021","-0,300","-0,322","-0,294","-0,325","-4,88%"
"04.01.2021","-0,316","-0,281","-0,278","-0,336","5,55%"
"01.01.2021","-0,299","-0,299","-0,299","-0,299","1,22%"
"31.12.2020","-0,295","-0,295","-0,285","-0,295","1,65%"
"30.12.2020","-0,291","-0,300","-0,266","-0,310","-3,20%"
"29.12.2020","-0,300","-0,280","-0,275","-0,301","9,28%"
"28.12.2020","-0,275","-0,283","-0,252","-0,283","-3,61%"
"25.12.2020","-0,285","-0,285","-0,285","-0,285","4,86%"
"24.12.2020","-0,272","-0,277","-0,270","-0,277","1,23%"
"23.12.2020","-0,269","-0,324","-0,255","-0,335","-15,38%"
"22.12.2020","-0,317","-0,300","-0,287","-0,320","4,14%"
"21.12.2020","-0,305","-0,315","-0,282","-0,346","7,74%"
"18.12.2020","-0,283","-0,279","-0,255","-0,296","-0,63%"
"17.12.2020","-0,285","-0,279","-0,260","-0,306","0,00%"
"16.12.2020","-0,284","-0,319","-0,258","-0,323","-12,04%"
"15.12.2020","-0,323","-0,331","-0,315","-0,344","-1,67%"
"14.12.2020","-0,329","-0,333","-0,307","-0,352","-6,20%"
"11.12.2020","-0,350","-0,307","-0,296","-0,358","16,31%"
"10.12.2020","-0,301","-0,307","-0,278","-0,333","2,55%"
"09.12.2020","-0,294","-0,277","-0,269","-0,315","-2,88%"
"08.12.2020","-0,302","-0,277","-0,269","-0,315","8,74%"
"07.12.2020","-0,278","-0,254","-0,233","-0,287","18,20%"
"04.12.2020","-0,235","-0,256","-0,229","-0,264","-5,20%"
"03.12.2020","-0,248","-0,227","-0,214","-0,253","11,81%"
"02.12.2020","-0,222","-0,217","-0,206","-0,233","0,00%"
"01.12.2020","-0,222","-0,282","-0,220","-0,292","-19,62%"
"30.11.2020","-0,277","-0,302","-0,274","-0,312","-6,14%"
"27.11.2020","-0,295","-0,294","-0,280","-0,305","1,31%"
"26.11.2020","-0,291","-0,269","-0,259","-0,296","5,70%"
"25.11.2020","-0,275","-0,255","-0,244","-0,286","3,30%"
"24.11.2020","-0,266","-0,268","-0,257","-0,282","-3,76%"
"23.11.2020","-0,277","-0,293","-0,263","-0,300","-5,01%"
"21.11.2020","-0,292","-0,292","-0,292","-0,292","-0,48%"
"20.11.2020","-0,293","-0,293","-0,278","-0,302","3,64%"
"19.11.2020","-0,283","-0,268","-0,266","-0,296","5,72%"
"18.11.2020","-0,267","-0,287","-0,256","-0,296","-2,16%"
"17.11.2020","-0,273","-0,253","-0,242","-0,281","9,28%"
"16.11.2020","-0,250","-0,251","-0,207","-0,268","3,05%"
"13.11.2020","-0,243","-0,239","-0,221","-0,261","7,68%"
"12.11.2020","-0,225","-0,209","-0,182","-0,227","20,67%"
"11.11.2020","-0,187","-0,161","-0,133","-0,199","12,47%"
"10.11.2020","-0,166","-0,191","-0,156","-0,191","-9,54%"
"09.11.2020","-0,184","-0,310","-0,170","-0,336","-41,02%"
"06.11.2020","-0,311","-0,340","-0,297","-0,352","-7,44%"
"05.11.2020","-0,336","-0,357","-0,316","-0,364","-2,61%"
"04.11.2020","-0,345","-0,350","-0,326","-0,384","5,89%"
"03.11.2020","-0,326","-0,336","-0,303","-0,341","-4,20%"
"02.11.2020","-0,340","-0,336","-0,309","-0,342","3,59%"
"30.10.2020","-0,328","-0,339","-0,312","-0,342","-1,29%"
"29.10.2020","-0,333","-0,319","-0,314","-0,351","0,76%"
"28.10.2020","-0,330","-0,319","-0,303","-0,355","7,73%"
"27.10.2020","-0,306","-0,270","-0,258","-0,309","16,01%"
"26.10.2020","-0,264","-0,281","-0,248","-0,291","0,42%"
"23.10.2020","-0,263","-0,262","-0,235","-0,273","2,33%"
"22.10.2020","-0,257","-0,285","-0,245","-0,292","-8,80%"
"21.10.2020","-0,282","-0,277","-0,263","-0,307","-6,50%"
"20.10.2020","-0,301","-0,320","-0,286","-0,328","-5,84%"
"19.10.2020","-0,320","-0,317","-0,287","-0,322","2,30%"
"16.10.2020","-0,313","-0,313","-0,302","-0,336","0,51%"
"15.10.2020","-0,311","-0,273","-0,263","-0,345","17,82%"
"14.10.2020","-0,264","-0,241","-0,237","-0,282","9,99%"
"13.10.2020","-0,240","-0,228","-0,214","-0,250","8,63%"
"12.10.2020","-0,221","-0,219","-0,206","-0,233","2,17%"
"09.10.2020","-0,216","-0,211","-0,161","-0,238","6,02%"
"08.10.2020","-0,204","-0,166","-0,162","-0,209","17,42%"
"07.10.2020","-0,174","-0,200","-0,157","-0,210","-7,55%"
"06.10.2020","-0,188","-0,193","-0,177","-0,208","-4,57%"
"05.10.2020","-0,197","-0,211","-0,180","-0,226","-7,59%"
"02.10.2020","-0,213","-0,233","-0,205","-0,240","2,01%"
"01.10.2020","-0,209","-0,193","-0,175","-0,219","3,21%"
"30.09.2020","-0,203","-0,234","-0,197","-0,244","-11,14%"
"29.09.2020","-0,228","-0,211","-0,203","-0,234","8,88%"
"28.09.2020","-0,209","-0,211","-0,180","-0,215","-1,18%"
"25.09.2020","-0,212","-0,174","-0,165","-0,216","17,20%"
"24.09.2020","-0,181","-0,180","-0,164","-0,203","8,26%"
"23.09.2020","-0,167","-0,167","-0,156","-0,194","1,52%"
"22.09.2020","-0,164","-0,198","-0,156","-0,208","-18,24%"
"21.09.2020","-0,201","-0,159","-0,141","-0,217","31,33%"
"18.09.2020","-0,153","-0,154","-0,137","-0,183","-6,41%"
"17.09.2020","-0,164","-0,155","-0,127","-0,189","10,61%"
"16.09.2020","-0,148","-0,143","-0,134","-0,168","3,06%"
"15.09.2020","-0,144","-0,136","-0,122","-0,153","4,66%"
"14.09.2020","-0,137","-0,137","-0,132","-0,168","-5,44%"
"11.09.2020","-0,145","-0,111","-0,090","-0,145","69,71%"
"10.09.2020","-0,086","-0,109","-0,074","-0,139","-25,20%"
"09.09.2020","-0,114","-0,149","-0,103","-0,168","-22,24%"
"08.09.2020","-0,147","-0,119","-0,100","-0,166","32,55%"
"07.09.2020","-0,111","-0,096","-0,087","-0,141","-20,50%"
"04.09.2020","-0,140","-0,147","-0,122","-0,165","-11,37%"
"03.09.2020","-0,157","-0,124","-0,103","-0,176","24,23%"
"02.09.2020","-0,127","-0,073","-0,058","-0,133","156,48%"
"01.09.2020","-0,049","-0,035","-0,005","-0,059","16,51%"
"31.08.2020","-0,042","-0,040","-0,006","-0,050","-7,02%"
"28.08.2020","-0,046","-0,012","-0,010","-0,053","8,57%"
"27.08.2020","-0,042","-0,077","-0,023","-0,124","-38,33%"
"26.08.2020","-0,068","-0,096","-0,053","-0,097","-26,14%"
"25.08.2020","-0,092","-0,166","-0,078","-0,170","-45,54%"
"24.08.2020","-0,169","-0,189","-0,149","-0,190","-8,44%"
"21.08.2020","-0,185","-0,175","-0,165","-0,204","3,88%"
"20.08.2020","-0,178","-0,154","-0,134","-0,199","20,84%"
"19.08.2020","-0,147","-0,130","-0,102","-0,163","14,54%"
"18.08.2020","-0,129","-0,121","-0,098","-0,147","4,81%"
"17.08.2020","-0,123","-0,088","-0,077","-0,125","37,09%"
"14.08.2020","-0,090","-0,089","-0,054","-0,107","6,93%"
"13.08.2020","-0,084","-0,114","-0,065","-0,146","-31,73%"
"12.08.2020","-0,123","-0,147","-0,101","-0,155","-16,82%"
"11.08.2020","-0,147","-0,200","-0,137","-0,217","-31,22%"
"10.08.2020","-0,214","-0,191","-0,173","-0,230","9,56%"
"07.08.2020","-0,196","-0,226","-0,191","-0,237","-13,87%"
"06.08.2020","-0,227","-0,203","-0,182","-0,244","14,47%"
"05.08.2020","-0,198","-0,242","-0,186","-0,258","-19,77%"
"04.08.2020","-0,247","-0,203","-0,194","-0,256","18,27%"
"03.08.2020","-0,209","-0,212","-0,180","-0,224","-5,47%"
"31.07.2020","-0,221","-0,239","-0,203","-0,255","-9,38%"
"30.07.2020","-0,244","-0,183","-0,183","-0,252","30,33%"
"29.07.2020","-0,187","-0,204","-0,175","-0,219","-8,37%"
"28.07.2020","-0,204","-0,178","-0,165","-0,216","7,58%"
"27.07.2020","-0,190","-0,141","-0,124","-0,191","36,40%"
"24.07.2020","-0,139","-0,170","-0,123","-0,206","-20,85%"
"23.07.2020","-0,176","-0,170","-0,161","-0,185","-0,62%"
"22.07.2020","-0,177","-0,130","-0,120","-0,182","33,86%"
"21.07.2020","-0,132","-0,123","-0,112","-0,144","-4,06%"
"20.07.2020","-0,138","-0,109","-0,079","-0,147","18,88%"
"19.07.2020","-0,116","-0,116","-0,116","-0,116","-1,02%"
"17.07.2020","-0,117","-0,132","-0,111","-0,147","-13,57%"
"16.07.2020","-0,136","-0,125","-0,108","-0,151","5,94%"
"15.07.2020","-0,128","-0,126","-0,104","-0,148","-3,90%"
"14.07.2020","-0,133","-0,093","-0,079","-0,138","48,66%"
"13.07.2020","-0,090","-0,133","-0,069","-0,154","-42,38%"
"11.07.2020","-0,155","-0,155","-0,155","-0,155","8,06%"
"10.07.2020","-0,144","-0,134","-0,130","-0,188","8,03%"
"09.07.2020","-0,133","-0,102","-0,093","-0,141","25,90%"
"08.07.2020","-0,106","-0,074","-0,074","-0,122","33,08%"
"07.07.2020","-0,079","-0,069","-0,056","-0,100","15,05%"
"06.07.2020","-0,069","-0,044","-0,041","-0,080","0,73%"
"03.07.2020","-0,069","-0,069","-0,060","-0,097","-3,52%"
"02.07.2020","-0,071","-0,037","-0,026","-0,079","53,23%"
"01.07.2020","-0,046","-0,097","-0,027","-0,103","-51,46%"
"30.06.2020","-0,096","-0,121","-0,091","-0,147","-21,25%"
"29.06.2020","-0,121","-0,131","-0,106","-0,142","-14,81%"
"27.06.2020","-0,142","-0,142","-0,142","-0,142","0,00%"
"26.06.2020","-0,143","-0,130","-0,117","-0,145","7,87%"
"25.06.2020","-0,132","-0,105","-0,089","-0,140","39,45%"
"24.06.2020","-0,095","-0,029","-0,004","-0,097","201,91%"
"23.06.2020","-0,031","-0,093","-0,023","-0,098","-65,03%"
"22.06.2020","-0,090","-0,086","-0,076","-0,121","4,18%"
"19.06.2020","-0,086","-0,083","-0,052","-0,097","12,98%"
"18.06.2020","-0,076","-0,039","-0,038","-0,092","64,44%"
"17.06.2020","-0,046","-0,047","-0,000","-0,069","4,50%"
"16.06.2020","-0,044","-0,037","-0,013","-0,062","-28,27%"
"15.06.2020","-0,062","-0,063","-0,048","-0,087","-6,21%"
"13.06.2020","-0,066","-0,066","-0,066","-0,066","22,22%"
"12.06.2020","-0,054","-0,033","-0,021","-0,067","70,89%"
"11.06.2020","-0,032","0,063","0,063","-0,062","-161,12%"
"10.06.2020","0,052","0,088","0,103","0,048","-39,60%"
"09.06.2020","0,086","0,107","0,107","0,047","-13,27%"
"08.06.2020","0,099","0,152","0,167","0,095","-32,21%"
"05.06.2020","0,146","0,105","0,171","0,083","67,74%"
"04.06.2020","0,087","0,031","0,109","-0,002","371,74%"
"03.06.2020","0,018","-0,001","0,037","-0,050","-147,42%"
"02.06.2020","-0,039","-0,015","-0,010","-0,049","65,81%"
"01.06.2020","-0,023","-0,079","0,004","-0,079","-75,21%"
"29.05.2020","-0,094","-0,073","-0,069","-0,107","40,06%"
"28.05.2020","-0,067","-0,063","-0,051","-0,097","-8,17%"
"27.05.2020","-0,073","-0,086","-0,036","-0,111","-16,31%"
"26.05.2020","-0,088","-0,137","-0,064","-0,148","-42,07%"
"25.05.2020","-0,151","-0,138","-0,136","-0,163","0,60%"
"24.05.2020","-0,150","-0,150","-0,150","-0,150","0,00%"
"23.05.2020","-0,150","-0,150","-0,150","-0,150","1,35%"
"22.05.2020","-0,148","-0,164","-0,139","-0,193","-9,26%"
"21.05.2020","-0,163","-0,158","-0,125","-0,172","13,11%"
"20.05.2020","-0,144","-0,132","-0,122","-0,156","8,10%"
"19.05.2020","-0,133","-0,116","-0,091","-0,144","13,05%"
"18.05.2020","-0,118","-0,193","-0,100","-0,209","-39,18%"
"17.05.2020","-0,194","-0,194","-0,194","-0,194","0,00%"
"16.05.2020","-0,194","-0,194","-0,194","-0,194","2,92%"
"15.05.2020","-0,189","-0,194","-0,180","-0,233","-7,64%"
"14.05.2020","-0,204","-0,203","-0,175","-0,218","7,31%"
"13.05.2020","-0,190","-0,152","-0,148","-0,207","23,11%"
"12.05.2020","-0,154","-0,140","-0,114","-0,163","12,12%"
"11.05.2020","-0,138","-0,159","-0,116","-0,159","-14,30%"
"08.05.2020","-0,161","-0,170","-0,150","-0,208","-7,64%"
"07.05.2020","-0,174","-0,140","-0,104","-0,184","23,48%"
"06.05.2020","-0,141","-0,219","-0,138","-0,219","-37,00%"
"05.05.2020","-0,224","-0,210","-0,173","-0,247","1,50%"
"04.05.2020","-0,221","-0,283","-0,198","-0,287","-17,26%"
"01.05.2020","-0,266","-0,267","-0,257","-0,267","-2,31%"
"30.04.2020","-0,273","-0,170","-0,162","-0,273","55,62%"
"29.04.2020","-0,175","-0,148","-0,139","-0,192","14,88%"
"28.04.2020","-0,153","-0,147","-0,106","-0,157","2,28%"
"27.04.2020","-0,149","-0,155","-0,128","-0,191","-16,69%"
"24.04.2020","-0,179","-0,155","-0,136","-0,180","53,60%"
"23.04.2020","-0,117","-0,105","-0,066","-0,137","21,58%"
"22.04.2020","-0,096","-0,161","-0,090","-0,166","-39,27%"
"21.04.2020","-0,158","-0,140","-0,128","-0,198","30,28%"
"20.04.2020","-0,121","-0,149","-0,107","-0,164","-17,55%"
"19.04.2020","-0,147","-0,147","-0,147","-0,147","0,00%"
"18.04.2020","-0,147","-0,147","-0,147","-0,147","-3,75%"
"17.04.2020","-0,152","-0,139","-0,135","-0,174","-9,78%"
"16.04.2020","-0,169","-0,134","-0,119","-0,189","4,26%"
"15.04.2020","-0,162","-0,053","-0,052","-0,177","205,86%"
"14.04.2020","-0,053","-0,004","0,005","-0,076","99,62%"
"13.04.2020","-0,026","-0,026","-0,026","-0,026","0,00%"
"10.04.2020","-0,026","-0,026","-0,026","-0,026","21,56%"
"09.04.2020","-0,022","-0,010","0,025","-0,054","-463,33%"
"08.04.2020","0,006","-0,072","0,029","-0,075","275,00%"
"07.04.2020","0,002","-0,086","0,004","-0,105","-101,47%"
"06.04.2020","-0,109","-0,087","-0,075","-0,126","-18,51%"
"03.04.2020","-0,134","-0,125","-0,118","-0,162","13,46%"
"02.04.2020","-0,118","-0,108","-0,055","-0,156","6,11%"
"01.04.2020","-0,111","-0,093","-0,059","-0,135","70,71%"
"31.03.2020","-0,065","-0,107","-0,048","-0,127","-39,91%"
"30.03.2020","-0,108","-0,106","-0,094","-0,181","-5,24%"
"29.03.2020","-0,115","-0,115","-0,115","-0,115","0,00%"
"27.03.2020","-0,114","0,023","0,023","-0,153","-511,91%"
"26.03.2020","0,028","0,028","0,080","-0,009","-57,97%"
"25.03.2020","0,066","-0,059","0,074","-0,079","-256,53%"
"24.03.2020","-0,042","-0,117","-0,031","-0,127","-68,86%"
"23.03.2020","-0,135","-0,076","-0,076","-0,148","51,74%"
"20.03.2020","-0,089","-0,039","-0,011","-0,110","-288,37%"
"19.03.2020","0,047","-0,122","0,091","-0,172","-722,37%"
"18.03.2020","-0,008","-0,188","0,013","-0,223","-96,61%"
"17.03.2020","-0,224","-0,235","-0,187","-0,285","-8,87%"
"16.03.2020","-0,246","-0,346","-0,226","-0,357","-16,82%"
"13.03.2020","-0,295","-0,426","-0,280","-0,474","-41,91%"
"12.03.2020","-0,508","-0,575","-0,459","-0,622","-3,78%"
"11.03.2020","-0,529","-0,557","-0,481","-0,590","-7,64%"
"10.03.2020","-0,572","-0,474","-0,399","-0,585","-0,97%"
"09.03.2020","-0,578","-0,536","-0,525","-0,710","52,05%"
"07.03.2020","-0,380","-0,380","-0,380","-0,380","-1,58%"
"06.03.2020","-0,386","-0,356","-0,338","-0,438","24,27%"
"05.03.2020","-0,311","-0,242","-0,225","-0,314","17,51%"
"04.03.2020","-0,264","-0,278","-0,224","-0,292","0,46%"
"03.03.2020","-0,263","-0,259","-0,198","-0,280","-0,30%"
"02.03.2020","-0,264","-0,262","-0,210","-0,318","3,86%"
"28.02.2020","-0,254","-0,198","-0,195","-0,276","57,30%"
"27.02.2020","-0,162","-0,119","-0,100","-0,180","42,50%"
"26.02.2020","-0,113","-0,126","-0,077","-0,153","-14,74%"
"25.02.2020","-0,133","-0,098","-0,078","-0,147","32,60%"
"24.02.2020","-0,100","-0,055","-0,055","-0,146","82,36%"
"21.02.2020","-0,055","-0,079","-0,053","-0,102","-7,09%"
"20.02.2020","-0,059","-0,014","-0,003","-0,063","355,38%"
"19.02.2020","-0,013","0,005","0,026","-0,013","-291,18%"
"18.02.2020","0,007","-0,005","0,029","-0,029","-45,16%"
"17.02.2020","0,012","0,025","0,042","0,004","9,73%"
"14.02.2020","0,011","0,015","0,037","0,001","-55,51%"
"13.02.2020","0,025","0,005","0,040","-0,012","-35,70%"
"12.02.2020","0,040","0,047","0,076","0,029","35,27%"
"11.02.2020","0,029","0,005","0,043","0,005","734,29%"
"10.02.2020","0,004","0,042","0,046","0,001","-88,45%"
"07.02.2020","0,030","0,048","0,058","0,008","-45,70%"
"06.02.2020","0,056","0,070","0,087","0,048","-11,15%"
"05.02.2020","0,063","0,012","0,069","-0,011","432,20%"
"04.02.2020","0,012","-0,021","0,024","-0,027","-128,64%"
"03.02.2020","-0,041","-0,035","-0,009","-0,047","14,13%"
"31.01.2020","-0,036","-0,002","0,005","-0,049","345,68%"
"30.01.2020","-0,008","0,010","0,028","-0,016","-131,27%"
"29.01.2020","0,026","0,057","0,064","0,020","-60,58%"
"28.01.2020","0,066","0,028","0,067","0,002","209,91%"
"27.01.2020","0,021","0,058","0,080","0,013","-72,32%"
"24.01.2020","0,077","0,114","0,137","0,074","-23,78%"
"23.01.2020","0,101","0,134","0,149","0,096","-30,11%"
"22.01.2020","0,144","0,169","0,169","0,131","-6,87%"
"21.01.2020","0,154","0,172","0,203","0,145","-19,67%"
"20.01.2020","0,192","0,193","0,209","0,185","-1,59%"
"17.01.2020","0,195","0,205","0,212","0,183","2,52%"
"16.01.2020","0,191","0,212","0,221","0,181","-8,10%"
"15.01.2020","0,207","0,239","0,242","0,187","-14,73%"
"14.01.2020","0,243","0,266","0,278","0,234","-7,25%"
"13.01.2020","0,262","0,214","0,272","0,212","26,99%"
"10.01.2020","0,206","0,213","0,246","0,203","-8,55%"
"09.01.2020","0,226","0,218","0,235","0,200","6,31%"
"08.01.2020","0,212","0,152","0,213","0,142","36,88%"
"07.01.2020","0,155","0,155","0,171","0,140","5,30%"
"06.01.2020","0,147","0,139","0,154","0,124","-0,61%"
"03.01.2020","0,148","0,183","0,211","0,121","-28,44%"
"02.01.2020","0,207","0,241","0,282","0,190","-12,43%"
"01.01.2020","0,236","0,236","0,236","0,236","0,38%"
"31.12.2019","0,236","0,243","0,243","0,232","-4,73%"
"30.12.2019","0,247","0,182","0,265","0,176","42,13%"
"27.12.2019","0,174","0,180","0,198","0,170","-7,69%"
"25.12.2019","0,189","0,189","0,189","0,189","0,00%"
"24.12.2019","0,189","0,182","0,189","0,182","0,00%"
"23.12.2019","0,189","0,180","0,192","0,147","8,56%"
"20.12.2019","0,174","0,187","0,206","0,165","-7,10%"
"19.12.2019","0,187","0,176","0,214","0,175","12,76%"
"18.12.2019","0,166","0,115","0,184","0,106","38,73%"
"17.12.2019","0,120","0,133","0,149","0,110","-15,99%"
"16.12.2019","0,143","0,128","0,154","0,099","25,64%"
"14.12.2019","0,113","0,113","0,113","0,113","-3,73%"
"13.12.2019","0,118","0,208","0,216","0,111","-23,74%"
"12.12.2019","0,155","0,105","0,170","0,081","54,14%"
"11.12.2019","0,100","0,130","0,138","0,098","-19,76%"
"10.12.2019","0,125","0,114","0,145","0,109","3,99%"
"09.12.2019","0,120","0,127","0,137","0,100","-6,75%"
"06.12.2019","0,129","0,120","0,142","0,100","9,70%"
"05.12.2019","0,117","0,087","0,141","0,083","12,55%"
"04.12.2019","0,104","0,069","0,107","0,040","78,46%"
"03.12.2019","0,058","0,151","0,161","0,054","-57,08%"
"02.12.2019","0,136","0,086","0,150","0,085","220,71%"
"29.11.2019","0,043","0,042","0,071","0,033","-8,21%"
"28.11.2019","0,046","0,041","0,055","0,016","26,50%"
"27.11.2019","0,037","0,048","0,058","0,032","-18,49%"
"26.11.2019","0,045","0,074","0,095","0,036","-35,30%"
"25.11.2019","0,069","0,053","0,075","0,049","35,55%"
"22.11.2019","0,051","0,095","0,117","0,046","-44,04%"
"21.11.2019","0,091","0,060","0,102","0,052","32,03%"
"20.11.2019","0,069","0,080","0,084","0,024","-14,66%"
"19.11.2019","0,081","0,085","0,097","0,072","1,75%"
"18.11.2019","0,080","0,074","0,104","0,060","1,66%"
"16.11.2019","0,079","0,079","0,079","0,079","0,00%"
"15.11.2019","0,078","0,093","0,093","0,060","47,27%"
"14.11.2019","0,053","0,112","0,120","0,051","-55,79%"
"13.11.2019","0,120","0,164","0,179","0,103","-30,94%"
"12.11.2019","0,174","0,200","0,221","0,172","-7,10%"
"11.11.2019","0,187","0,157","0,192","0,146","14,15%"
"08.11.2019","0,164","0,167","0,216","0,152","-17,30%"
"07.11.2019","0,198","0,090","0,200","0,081","117,43%"
"06.11.2019","0,091","0,127","0,151","0,089","-29,19%"
"05.11.2019","0,129","0,106","0,144","0,092","42,64%"
"04.11.2019","0,090","0,050","0,099","0,046","119,71%"
"01.11.2019","0,041","0,011","0,058","-0,009","383,53%"
"31.10.2019","0,009","0,069","0,069","-0,014","-87,57%"
"30.10.2019","0,068","0,063","0,088","0,049","-2,84%"
"29.10.2019","0,070","0,104","0,109","0,061","-29,46%"
"28.10.2019","0,100","0,064","0,116","0,050","58,41%"
"25.10.2019","0,063","0,004","0,071","0,004","4.400,00%"
"24.10.2019","0,001","0,014","0,055","-0,008","-83,72%"
"23.10.2019","0,009","0,025","0,059","-0,010","-83,86%"
"22.10.2019","0,053","0,103","0,109","0,040","-45,45%"
"21.10.2019","0,098","0,050","0,107","0,043","114,25%"
"18.10.2019","0,046","0,015","0,064","0,007","225,71%"
"17.10.2019","0,014","0,035","0,105","0,009","-69,96%"
"16.10.2019","0,047","0,015","0,062","-0,021","331,48%"
"15.10.2019","0,011","-0,043","0,028","-0,056","-134,84%"
"14.10.2019","-0,031","-0,035","-0,022","-0,060","604,55%"
"11.10.2019","-0,004","-0,049","0,014","-0,091","-91,11%"
"10.10.2019","-0,049","-0,128","-0,047","-0,137","-60,14%"
"09.10.2019","-0,124","-0,165","-0,123","-0,176","-30,85%"
"08.10.2019","-0,180","-0,124","-0,111","-0,183","12,25%"
"07.10.2019","-0,160","-0,162","-0,158","-0,196","-10,71%"
"06.10.2019","-0,179","-0,179","-0,179","-0,179","0,00%"
"05.10.2019","-0,179","-0,176","-0,176","-0,179","0,00%"
"04.10.2019","-0,179","-0,172","-0,166","-0,201","-1,92%"
"03.10.2019","-0,183","-0,152","-0,144","-0,208","25,69%"
"02.10.2019","-0,145","-0,131","-0,114","-0,151","-12,32%"
"01.10.2019","-0,166","-0,143","-0,088","-0,170","-4,99%"
"30.09.2019","-0,174","-0,190","-0,132","-0,194","-10,06%"
"29.09.2019","-0,194","-0,194","-0,194","-0,194","0,00%"
"28.09.2019","-0,194","-0,194","-0,194","-0,194","2,27%"
"27.09.2019","-0,189","-0,207","-0,171","-0,232","-10,71%"
"26.09.2019","-0,212","-0,195","-0,178","-0,228","6,37%"
"25.09.2019","-0,199","-0,227","-0,189","-0,260","-10,39%"
"24.09.2019","-0,222","-0,182","-0,171","-0,238","16,32%"
"23.09.2019","-0,191","-0,128","-0,095","-0,209","68,90%"
"20.09.2019","-0,113","-0,095","-0,072","-0,121","17,92%"
"19.09.2019","-0,096","-0,081","-0,039","-0,103","10,34%"
"18.09.2019","-0,087","-0,018","-0,011","-0,090","255,10%"
"17.09.2019","-0,024","-0,024","-0,005","-0,039","13,43%"
"16.09.2019","-0,022","0,018","0,030","-0,045","-181,20%"
"13.09.2019","0,027","-0,059","0,040","-0,070","-133,80%"
"12.09.2019","-0,079","-0,074","-0,062","-0,199","-6,64%"
"11.09.2019","-0,084","-0,044","-0,032","-0,104","28,12%"
"10.09.2019","-0,066","-0,081","-0,054","-0,115","-37,39%"
"09.09.2019","-0,105","-0,179","-0,078","-0,185","-43,98%"
"08.09.2019","-0,188","-0,188","-0,188","-0,188","0,00%"
"07.09.2019","-0,187","-0,187","-0,187","-0,187","1,57%"
"06.09.2019","-0,184","-0,098","-0,074","-0,193","67,64%"
"05.09.2019","-0,110","-0,198","-0,094","-0,255","-56,49%"
"04.09.2019","-0,253","-0,267","-0,207","-0,272","-12,53%"
"03.09.2019","-0,289","-0,249","-0,246","-0,326","10,64%"
"02.09.2019","-0,261","-0,288","-0,245","-0,288","-8,96%"
"31.08.2019","-0,287","-0,287","-0,287","-0,287","1,81%"
"30.08.2019","-0,282","-0,279","-0,252","-0,304","-1,09%"
"29.08.2019","-0,285","-0,336","-0,260","-0,341","-13,51%"
"28.08.2019","-0,329","-0,285","-0,280","-0,355","13,59%"
"27.08.2019","-0,290","-0,239","-0,231","-0,300","25,92%"
"26.08.2019","-0,230","-0,293","-0,210","-0,299","-1,75%"
"23.08.2019","-0,234","-0,206","-0,156","-0,240","14,62%"
"22.08.2019","-0,205","-0,244","-0,174","-0,279","-16,15%"
"21.08.2019","-0,244","-0,219","-0,188","-0,256","0,49%"
"20.08.2019","-0,243","-0,216","-0,196","-0,267","14,32%"
"19.08.2019","-0,212","-0,264","-0,169","-0,299","-25,82%"
"16.08.2019","-0,286","-0,340","-0,246","-0,380","-16,22%"
"15.08.2019","-0,342","-0,282","-0,243","-0,342","31,69%"
"14.08.2019","-0,259","-0,207","-0,196","-0,265","29,38%"
"13.08.2019","-0,200","-0,175","-0,161","-0,213","22,18%"
"12.08.2019","-0,164","-0,132","-0,123","-0,168","21,02%"
"09.08.2019","-0,136","-0,159","-0,108","-0,170","27,20%"
"08.08.2019","-0,107","-0,148","-0,064","-0,164","-32,45%"
"07.08.2019","-0,158","-0,108","-0,108","-0,214","44,90%"
"06.08.2019","-0,109","-0,078","-0,069","-0,116","33,13%"
"05.08.2019","-0,082","-0,066","-0,064","-0,137","24,89%"
"02.08.2019","-0,065","-0,011","0,020","-0,080","-378,72%"
"01.08.2019","0,023","0,058","0,081","-0,005","-49,68%"
"31.07.2019","0,047","0,103","0,112","0,045","-52,92%"
"30.07.2019","0,099","0,107","0,121","0,094","-13,96%"
"29.07.2019","0,115","0,122","0,136","0,100","-12,72%"
"26.07.2019","0,132","0,160","0,168","0,129","-19,65%"
"25.07.2019","0,164","0,134","0,198","0,090","22,05%"
"24.07.2019","0,135","0,182","0,186","0,123","-19,24%"
"23.07.2019","0,167","0,188","0,195","0,162","-2,46%"
"22.07.2019","0,171","0,200","0,213","0,170","-11,54%"
"21.07.2019","0,193","0,193","0,193","0,193","0,00%"
"20.07.2019","0,193","0,193","0,193","0,193","-2,27%"
"19.07.2019","0,198","0,206","0,223","0,190","-1,88%"
"18.07.2019","0,202","0,205","0,219","0,172","-4,90%"
"17.07.2019","0,212","0,231","0,257","0,204","-17,88%"
"16.07.2019","0,258","0,245","0,269","0,223","1,69%"
"15.07.2019","0,254","0,323","0,324","0,251","-18,43%"
"13.07.2019","0,312","0,312","0,312","0,312","0,00%"
"12.07.2019","0,311","0,310","0,350","0,299","5,53%"
"11.07.2019","0,295","0,228","0,315","0,220","27,71%"
"10.07.2019","0,231","0,201","0,274","0,184","26,58%"
"09.07.2019","0,183","0,166","0,194","0,157","9,09%"
"08.07.2019","0,167","0,157","0,176","0,135","-1,30%"
"05.07.2019","0,169","0,125","0,203","0,123","30,28%"
"04.07.2019","0,130","0,146","0,151","0,112","-5,52%"
"03.07.2019","0,138","0,160","0,181","0,132","-22,81%"
"02.07.2019","0,178","0,172","0,206","0,167","0,85%"
"01.07.2019","0,177","0,218","0,231","0,165","-10,02%"
"30.06.2019","0,197","0,197","0,197","0,197","0,00%"
"29.06.2019","0,197","0,194","0,197","0,194","1,13%"
"28.06.2019","0,195","0,187","0,212","0,185","3,35%"
"27.06.2019","0,188","0,208","0,247","0,186","-6,23%"
"26.06.2019","0,201","0,188","0,210","0,172","14,03%"
"25.06.2019","0,176","0,185","0,201","0,165","-8,42%"
"24.06.2019","0,192","0,222","0,234","0,184","-14,27%"
"21.06.2019","0,224","0,184","0,244","0,180","23,99%"
"20.06.2019","0,181","0,192","0,209","0,176","-19,17%"
"19.06.2019","0,224","0,206","0,240","0,199","11,51%"
"18.06.2019","0,201","0,273","0,277","0,189","-25,72%"
"17.06.2019","0,270","0,270","0,289","0,249","8,82%"
"14.06.2019","0,248","0,272","0,283","0,234","-11,83%"
"13.06.2019","0,282","0,295","0,306","0,274","-6,07%"
"12.06.2019","0,300","0,305","0,316","0,279","-4,46%"
"11.06.2019","0,314","0,334","0,343","0,303","-4,18%"
"10.06.2019","0,327","0,274","0,340","0,269","28,84%"
"09.06.2019","0,254","0,254","0,254","0,254","0,00%"
"08.06.2019","0,254","0,254","0,254","0,254","0,00%"
"07.06.2019","0,254","0,292","0,304","0,244","-12,76%"
"06.06.2019","0,292","0,324","0,336","0,285","-10,75%"
"05.06.2019","0,327","0,324","0,342","0,309","-2,68%"
"04.06.2019","0,336","0,337","0,349","0,320","-2,19%"
"03.06.2019","0,343","0,353","0,365","0,323","-1,89%"
"02.06.2019","0,350","0,350","0,350","0,350","0,00%"
"01.06.2019","0,350","0,350","0,350","0,350","-1,10%"
"31.05.2019","0,354","0,396","0,401","0,351","-10,97%"
"30.05.2019","0,397","0,410","0,424","0,392","2,03%"
"29.05.2019","0,389","0,401","0,418","0,387","-6,23%"
"28.05.2019","0,415","0,433","0,443","0,410","-2,42%"
"27.05.2019","0,426","0,463","0,474","0,425","-8,43%"
"25.05.2019","0,465","0,465","0,465","0,465","0,48%"
"24.05.2019","0,463","0,467","0,484","0,461","-0,30%"
"23.05.2019","0,464","0,488","0,503","0,462","-6,54%"
"22.05.2019","0,497","0,517","0,526","0,491","-5,55%"
"21.05.2019","0,526","0,501","0,529","0,484","7,07%"
"20.05.2019","0,491","0,472","0,500","0,465","5,41%"
"19.05.2019","0,466","0,463","0,466","0,463","0,00%"
"17.05.2019","0,465","0,454","0,477","0,439","-1,38%"
"16.05.2019","0,472","0,456","0,479","0,434","2,52%"
"15.05.2019","0,460","0,502","0,506","0,423","-7,81%"
"14.05.2019","0,499","0,509","0,520","0,484","0,46%"
"13.05.2019","0,497","0,536","0,550","0,491","-7,41%"
"10.05.2019","0,537","0,527","0,558","0,524","1,65%"
"09.05.2019","0,528","0,525","0,538","0,503","0,28%"
"08.05.2019","0,527","0,547","0,559","0,510","-2,39%"
"07.05.2019","0,539","0,580","0,606","0,539","-7,84%"
"06.05.2019","0,585","0,595","0,599","0,565","-1,48%"
"05.05.2019","0,594","0,594","0,594","0,594","0,00%"
"04.05.2019","0,594","0,594","0,594","0,594","-0,59%"
"03.05.2019","0,598","0,604","0,627","0,578","-0,75%"
"02.05.2019","0,602","0,594","0,612","0,573","3,45%"
"01.05.2019","0,582","0,581","0,592","0,581","0,00%"
"30.04.2019","0,582","0,571","0,625","0,560","0,48%"
"29.04.2019","0,579","0,565","0,599","0,557","5,02%"
"28.04.2019","0,552","0,552","0,552","0,552","0,00%"
"27.04.2019","0,552","0,552","0,552","0,552","-0,49%"
"26.04.2019","0,555","0,573","0,578","0,547","-2,79%"
"25.04.2019","0,571","0,556","0,579","0,549","2,55%"
"24.04.2019","0,556","0,600","0,621","0,552","-10,13%"
"23.04.2019","0,619","0,620","0,644","0,605","1,74%"
"22.04.2019","0,608","0,607","0,608","0,607","0,00%"
"21.04.2019","0,609","0,609","0,609","0,609","0,00%"
"20.04.2019","0,609","0,609","0,609","0,609","0,00%"
"19.04.2019","0,609","0,607","0,609","0,606","0,64%"
"18.04.2019","0,605","0,660","0,673","0,598","-9,25%"
"17.04.2019","0,666","0,675","0,698","0,650","1,73%"
"16.04.2019","0,655","0,656","0,675","0,626","1,22%"
"15.04.2019","0,647","0,635","0,676","0,627","2,32%"
"12.04.2019","0,632","0,559","0,642","0,545","29,03%"
"11.04.2019","0,490","0,475","0,498","0,470","1,83%"
"10.04.2019","0,481","0,484","0,496","0,462","0,00%"
"09.04.2019","0,481","0,503","0,509","0,474","-4,07%"
"08.04.2019","0,501","0,482","0,503","0,478","1,03%"
"05.04.2019","0,496","0,504","0,522","0,479","1,39%"
"04.04.2019","0,489","0,527","0,527","0,480","-6,92%"
"03.04.2019","0,526","0,486","0,527","0,484","15,67%"
"02.04.2019","0,454","0,473","0,478","0,446","-4,36%"
"01.04.2019","0,475","0,456","0,497","0,448","10,28%"
"29.03.2019","0,431","0,428","0,449","0,411","3,66%"
"28.03.2019","0,416","0,399","0,424","0,379","2,11%"
"27.03.2019","0,407","0,426","0,443","0,382","-8,27%"
"26.03.2019","0,444","0,460","0,469","0,433","0,25%"
"25.03.2019","0,443","0,459","0,491","0,435","-4,69%"
"22.03.2019","0,465","0,548","0,553","0,440","-14,17%"
"21.03.2019","0,541","0,594","0,595","0,533","-9,27%"
"20.03.2019","0,596","0,616","0,624","0,584","-2,91%"
"19.03.2019","0,614","0,596","0,636","0,584","2,52%"
"18.03.2019","0,599","0,609","0,623","0,590","-0,48%"
"17.03.2019","0,602","0,605","0,605","0,602","0,00%"
"16.03.2019","0,602","0,605","0,605","0,602","-0,41%"
"15.03.2019","0,605","0,597","0,618","0,582","0,12%"
"14.03.2019","0,604","0,605","0,613","0,584","2,11%"
"13.03.2019","0,592","0,578","0,604","0,577","2,39%"
"12.03.2019","0,578","0,605","0,633","0,576","-2,20%"
"11.03.2019","0,591","0,575","0,594","0,566","1,95%"
"08.03.2019","0,580","0,590","0,601","0,562","-2,13%"
"07.03.2019","0,592","0,646","0,658","0,588","-8,43%"
"06.03.2019","0,647","0,643","0,670","0,633","-3,39%"
"05.03.2019","0,669","0,665","0,694","0,662","0,86%"
"04.03.2019","0,664","0,682","0,692","0,656","-2,78%"
"01.03.2019","0,683","0,679","0,708","0,667","0,81%"
"28.02.2019","0,677","0,634","0,686","0,623","6,16%"
"27.02.2019","0,638","0,609","0,659","0,596","4,64%"
"26.02.2019","0,610","0,597","0,622","0,586","1,06%"
"25.02.2019","0,603","0,584","0,612","0,584","3,96%"
"22.02.2019","0,580","0,611","0,622","0,577","-5,49%"
"21.02.2019","0,614","0,599","0,632","0,591","4,10%"
"20.02.2019","0,590","0,602","0,611","0,580","-1,78%"
"19.02.2019","0,600","0,607","0,616","0,577","-1,35%"
"18.02.2019","0,609","0,585","0,615","0,582","3,42%"
"17.02.2019","0,589","0,589","0,589","0,589","0,00%"
"16.02.2019","0,589","0,586","0,589","0,586","0,58%"
"15.02.2019","0,585","0,574","0,598","0,568","0,62%"
"14.02.2019","0,581","0,612","0,622","0,563","-4,56%"
"13.02.2019","0,609","0,633","0,635","0,605","-1,71%"
"12.02.2019","0,620","0,617","0,635","0,604","2,09%"
"11.02.2019","0,607","0,565","0,613","0,564","7,62%"
"10.02.2019","0,564","0,564","0,564","0,564","0,00%"
"09.02.2019","0,564","0,564","0,564","0,564","0,00%"
"08.02.2019","0,565","0,584","0,604","0,556","-4,77%"
"07.02.2019","0,593","0,629","0,636","0,580","-5,68%"
"06.02.2019","0,629","0,631","0,644","0,616","-1,23%"
"05.02.2019","0,637","0,641","0,670","0,629","-0,76%"
"04.02.2019","0,641","0,638","0,652","0,626","0,69%"
"01.02.2019","0,637","0,610","0,641","0,608","4,96%"
"31.01.2019","0,607","0,628","0,645","0,607","-5,94%"
"30.01.2019","0,645","0,657","0,667","0,636","-2,20%"
"29.01.2019","0,660","0,669","0,679","0,655","-0,95%"
"28.01.2019","0,666","0,635","0,682","0,633","3,90%"
"25.01.2019","0,641","0,638","0,656","0,629","0,22%"
"24.01.2019","0,640","0,689","0,692","0,637","-7,14%"
"23.01.2019","0,689","0,701","0,716","0,687","-1,73%"
"22.01.2019","0,701","0,718","0,736","0,699","-3,75%"
"21.01.2019","0,728","0,733","0,741","0,717","-0,65%"
"20.01.2019","0,733","0,733","0,733","0,733","0,00%"
"19.01.2019","0,733","0,733","0,733","0,733","-0,62%"
"18.01.2019","0,738","0,720","0,754","0,718","3,20%"
"17.01.2019","0,715","0,697","0,723","0,686","1,46%"
"16.01.2019","0,705","0,690","0,729","0,687","2,43%"
"15.01.2019","0,688","0,701","0,712","0,672","-1,84%"
"14.01.2019","0,701","0,708","0,708","0,672","-0,93%"
"11.01.2019","0,707","0,716","0,719","0,686","-1,13%"
"10.01.2019","0,716","0,726","0,730","0,702","-2,24%"
"09.01.2019","0,732","0,741","0,759","0,713","-0,81%"
"08.01.2019","0,738","0,730","0,760","0,728","0,86%"
"07.01.2019","0,732","0,735","0,739","0,710","0,88%"
"04.01.2019","0,725","0,684","0,734","0,675","7,90%"
"03.01.2019","0,672","0,669","0,699","0,660","0,25%"
"02.01.2019","0,670","0,745","0,751","0,652","-9,81%"
"01.01.2019","0,743","0,747","0,747","0,743","-0,50%"
"31.12.2018","0,747","0,747","0,747","0,747","0,47%"
"30.12.2018","0,744","0,744","0,744","0,744","0,00%"
"29.12.2018","0,744","0,744","0,744","0,744","-0,48%"
"28.12.2018","0,748","0,741","0,759","0,733","1,60%"
"27.12.2018","0,736","0,755","0,756","0,718","-1,64%"
"24.12.2018","0,748","0,748","0,748","0,748","0,07%"
"23.12.2018","0,748","0,748","0,748","0,748","0,00%"
"22.12.2018","0,748","0,748","0,748","0,748","0,75%"
"21.12.2018","0,742","0,730","0,751","0,711","4,58%"
"20.12.2018","0,710","0,712","0,729","0,693","-3,10%"
"19.12.2018","0,732","0,728","0,748","0,720","-0,15%"
"18.12.2018","0,733","0,747","0,755","0,726","-3,22%"
"17.12.2018","0,758","0,768","0,778","0,751","-0,88%"
"14.12.2018","0,765","0,761","0,776","0,738","-0,79%"
"13.12.2018","0,771","0,748","0,783","0,723","4,30%"
"12.12.2018","0,739","0,714","0,743","0,705","4,73%"
"11.12.2018","0,705","0,720","0,755","0,700","-1,52%"
"10.12.2018","0,716","0,734","0,756","0,710","-5,69%"
"07.12.2018","0,760","0,769","0,785","0,747","1,42%"
"06.12.2018","0,749","0,797","0,797","0,737","-6,26%"
"05.12.2018","0,799","0,783","0,802","0,761","1,77%"
"04.12.2018","0,785","0,817","0,835","0,781","-7,01%"
"03.12.2018","0,844","0,865","0,886","0,840","-0,87%"
"02.12.2018","0,852","0,852","0,852","0,852","0,00%"
"01.12.2018","0,852","0,852","0,852","0,852","-0,25%"
"30.11.2018","0,854","0,865","0,870","0,842","-1,12%"
"29.11.2018","0,864","0,884","0,885","0,855","-2,25%"
"28.11.2018","0,883","0,884","0,895","0,866","-0,23%"
"27.11.2018","0,886","0,881","0,889","0,859","0,00%"
"26.11.2018","0,885","0,865","0,891","0,865","2,29%"
"25.11.2018","0,865","0,865","0,865","0,865","0,00%"
"24.11.2018","0,866","0,866","0,866","0,866","0,32%"
"23.11.2018","0,863","0,906","0,913","0,851","-4,78%"
"22.11.2018","0,906","0,902","0,916","0,884","-0,20%"
"21.11.2018","0,908","0,884","0,912","0,884","3,09%"
"20.11.2018","0,881","0,916","0,917","0,871","-3,58%"
"19.11.2018","0,913","0,901","0,934","0,901","1,41%"
"18.11.2018","0,901","0,901","0,901","0,901","0,00%"
"17.11.2018","0,901","0,901","0,901","0,901","0,00%"
"16.11.2018","0,901","0,902","0,911","0,892","0,40%"
"15.11.2018","0,897","0,927","0,936","0,885","-2,72%"
"14.11.2018","0,922","0,924","0,942","0,902","-0,31%"
"13.11.2018","0,925","0,919","0,932","0,900","0,75%"
"12.11.2018","0,918","0,911","0,927","0,889","0,09%"
"11.11.2018","0,917","0,917","0,917","0,917","0,70%"
"09.11.2018","0,911","0,952","0,958","0,909","-4,65%"
"08.11.2018","0,955","0,959","0,969","0,945","1,23%"
"07.11.2018","0,944","0,933","0,956","0,915","0,92%"
"06.11.2018","0,935","0,932","0,940","0,908","0,92%"
"05.11.2018","0,927","0,943","0,945","0,922","-0,44%"
"02.11.2018","0,931","0,926","0,945","0,916","2,68%"
"01.11.2018","0,906","0,886","0,916","0,884","2,51%"
"31.10.2018","0,884","0,899","0,912","0,881","0,73%"
"30.10.2018","0,878","0,894","0,920","0,878","-2,17%"
"29.10.2018","0,897","0,858","0,906","0,850","4,20%"
"28.10.2018","0,861","0,861","0,861","0,861","0,00%"
"27.10.2018","0,861","0,861","0,861","0,861","-0,29%"
"26.10.2018","0,864","0,880","0,896","0,843","-3,63%"
"25.10.2018","0,896","0,877","0,907","0,875","-0,07%"
"24.10.2018","0,897","0,900","0,908","0,878","0,48%"
"23.10.2018","0,893","0,915","0,926","0,889","-3,98%"
"22.10.2018","0,930","0,947","0,965","0,919","-0,80%"
"19.10.2018","0,937","0,924","0,945","0,898","1,40%"
"18.10.2018","0,924","0,968","0,981","0,921","-3,54%"
"17.10.2018","0,958","0,981","0,985","0,948","-2,40%"
"16.10.2018","0,982","0,994","1,007","0,972","-1,07%"
"15.10.2018","0,992","0,982","1,003","0,969","0,68%"
"14.10.2018","0,986","0,986","0,986","0,986","0,00%"
"13.10.2018","0,986","0,986","0,986","0,986","0,00%"
"12.10.2018","0,986","1,009","1,025","0,983","-1,98%"
"11.10.2018","1,006","0,984","1,015","0,981","-2,87%"
"10.10.2018","1,036","1,017","1,058","1,007","0,45%"
"09.10.2018","1,031","1,036","1,064","1,015","0,75%"
"08.10.2018","1,023","1,048","1,054","1,002","-2,64%"
"05.10.2018","1,051","0,999","1,051","0,992","6,07%"
"04.10.2018","0,991","1,007","1,018","0,965","4,25%"
"03.10.2018","0,950","0,939","0,965","0,925","3,80%"
"02.10.2018","0,916","0,962","0,962","0,905","-4,83%"
"01.10.2018","0,962","0,942","0,990","0,942","1,76%"
"30.09.2018","0,946","0,946","0,946","0,946","0,00%"
"29.09.2018","0,946","0,946","0,946","0,946","-0,11%"
"28.09.2018","0,947","0,987","0,987","0,919","-3,92%"
"27.09.2018","0,985","0,975","0,993","0,955","-1,57%"
"26.09.2018","1,001","1,022","1,023","1,000","-2,19%"
"25.09.2018","1,023","1,006","1,032","0,999","2,68%"
"24.09.2018","0,997","0,971","1,010","0,961","2,80%"
"23.09.2018","0,970","0,970","0,970","0,970","0,00%"
"22.09.2018","0,970","0,970","0,970","0,970","-0,22%"
"21.09.2018","0,972","0,984","0,996","0,964","-0,80%"
"20.09.2018","0,979","0,989","1,009","0,979","-1,27%"
"19.09.2018","0,992","0,984","1,003","0,972","1,26%"
"18.09.2018","0,980","0,958","0,988","0,935","1,92%"
"17.09.2018","0,961","0,964","0,980","0,952","2,39%"
"16.09.2018","0,939","0,962","0,962","0,936","-2,39%"
"15.09.2018","0,962","0,962","0,962","0,962","0,18%"
"14.09.2018","0,960","0,941","0,979","0,940","2,01%"
"13.09.2018","0,941","0,935","0,964","0,925","0,72%"
"12.09.2018","0,934","0,955","0,959","0,926","-2,19%"
"11.09.2018","0,955","0,936","0,967","0,932","2,58%"
"10.09.2018","0,931","0,916","0,947","0,906","1,63%"
"09.09.2018","0,916","0,916","0,916","0,916","0,00%"
"08.09.2018","0,917","0,917","0,917","0,917","0,43%"
"07.09.2018","0,913","0,877","0,921","0,876","3,85%"
"06.09.2018","0,879","0,907","0,916","0,873","-2,70%"
"05.09.2018","0,903","0,884","0,925","0,873","2,04%"
"04.09.2018","0,885","0,867","0,890","0,863","2,21%"
"03.09.2018","0,866","0,861","0,875","0,841","1,03%"
"31.08.2018","0,857","0,874","0,890","0,851","-1,56%"
"30.08.2018","0,871","0,926","0,935","0,868","-6,54%"
"29.08.2018","0,932","0,906","0,940","0,893","3,03%"
"28.08.2018","0,905","0,894","0,923","0,879","0,98%"
"27.08.2018","0,896","0,861","0,903","0,840","4,26%"
"26.08.2018","0,859","0,859","0,859","0,859","-0,31%"
"24.08.2018","0,862","0,858","0,880","0,851","0,97%"
"23.08.2018","0,854","0,851","0,868","0,842","-0,32%"
"22.08.2018","0,856","0,832","0,866","0,828","1,64%"
"21.08.2018","0,842","0,824","0,849","0,813","2,68%"
"20.08.2018","0,820","0,816","0,836","0,810","-0,09%"
"19.08.2018","0,821","0,821","0,821","0,821","0,00%"
"18.08.2018","0,821","0,821","0,821","0,821","-0,17%"
"17.08.2018","0,823","0,822","0,835","0,798","-0,88%"
"16.08.2018","0,830","0,829","0,840","0,810","1,26%"
"15.08.2018","0,820","0,837","0,857","0,805","-2,54%"
"14.08.2018","0,841","0,837","0,853","0,831","1,26%"
"13.08.2018","0,831","0,829","0,846","0,817","0,00%"
"12.08.2018","0,831","0,831","0,831","0,831","0,00%"
"11.08.2018","0,831","0,831","0,831","0,831","-0,57%"
"10.08.2018","0,836","0,876","0,878","0,826","-6,13%"
"09.08.2018","0,890","0,903","0,918","0,887","-1,74%"
"08.08.2018","0,906","0,904","0,918","0,898","0,14%"
"07.08.2018","0,905","0,894","0,916","0,886","1,87%"
"06.08.2018","0,888","0,908","0,924","0,884","-2,38%"
"03.08.2018","0,910","0,962","0,962","0,903","-5,13%"
"02.08.2018","0,959","0,967","0,984","0,948","-2,01%"
"01.08.2018","0,979","0,947","0,991","0,947","3,80%"
"31.07.2018","0,943","0,914","0,961","0,912","-1,08%"
"30.07.2018","0,953","0,910","0,968","0,899","4,85%"
"27.07.2018","0,909","0,916","0,924","0,899","-0,09%"
"26.07.2018","0,910","0,914","0,924","0,890","1,46%"
"25.07.2018","0,897","0,888","0,902","0,882","-1,10%"
"24.07.2018","0,907","0,919","0,934","0,895","-1,65%"
"23.07.2018","0,922","0,897","0,928","0,887","3,65%"
"22.07.2018","0,890","0,890","0,890","0,890","0,00%"
"21.07.2018","0,890","0,890","0,890","0,890","0,35%"
"20.07.2018","0,887","0,853","0,897","0,834","3,39%"
"19.07.2018","0,858","0,874","0,884","0,849","-0,71%"
"18.07.2018","0,864","0,870","0,874","0,844","0,24%"
"17.07.2018","0,862","0,875","0,883","0,858","-1,25%"
"16.07.2018","0,873","0,860","0,894","0,855","1,56%"
"15.07.2018","0,859","0,859","0,859","0,859","0,00%"
"14.07.2018","0,859","0,859","0,859","0,859","0,00%"
"13.07.2018","0,859","0,866","0,871","0,836","-0,74%"
"12.07.2018","0,866","0,869","0,887","0,857","-0,53%"
"11.07.2018","0,870","0,863","0,879","0,850","-2,15%"
"10.07.2018","0,889","0,879","0,899","0,876","2,21%"
"09.07.2018","0,870","0,854","0,897","0,854","2,15%"
"06.07.2018","0,852","0,853","0,869","0,839","0,96%"
"05.07.2018","0,844","0,863","0,892","0,840","-1,84%"
"04.07.2018","0,860","0,855","0,873","0,835","1,78%"
"03.07.2018","0,845","0,881","0,895","0,837","-3,24%"
"02.07.2018","0,873","0,870","0,882","0,859","-0,98%"
"01.07.2018","0,882","0,882","0,882","0,882","0,00%"
"30.06.2018","0,882","0,882","0,882","0,882","0,56%"
"29.06.2018","0,877","0,907","0,933","0,868","-3,23%"
"28.06.2018","0,906","0,920","0,930","0,893","-1,94%"
"27.06.2018","0,924","0,960","0,968","0,915","-4,41%"
"26.06.2018","0,967","0,958","0,983","0,937","2,01%"
"25.06.2018","0,948","0,968","0,971","0,926","-2,23%"
"22.06.2018","0,969","0,970","0,988","0,954","0,44%"
"21.06.2018","0,965","1,003","1,009","0,945","-3,50%"
"20.06.2018","1,000","0,986","1,002","0,974","1,22%"
"19.06.2018","0,988","0,988","1,006","0,966","-3,86%"
"18.06.2018","1,028","1,013","1,037","0,999","1,05%"
"17.06.2018","1,017","1,017","1,017","1,017","0,00%"
"16.06.2018","1,017","1,017","1,017","1,017","0,44%"
"15.06.2018","1,013","1,017","1,023","0,978","-1,47%"
"14.06.2018","1,028","1,027","1,049","1,005","-0,30%"
"13.06.2018","1,031","1,036","1,042","1,010","-0,69%"
"12.06.2018","1,038","1,046","1,066","1,031","-0,94%"
"11.06.2018","1,048","1,022","1,059","1,002","5,39%"
"08.06.2018","0,994","1,005","1,015","0,951","-3,19%"
"07.06.2018","1,027","1,020","1,059","1,017","1,97%"
"06.06.2018","1,007","0,970","1,017","0,949","4,86%"
"05.06.2018","0,961","0,965","0,972","0,927","-0,40%"
"04.06.2018","0,964","0,941","0,973","0,922","3,13%"
"01.06.2018","0,935","0,912","0,960","0,902","5,02%"
"31.05.2018","0,890","0,928","0,979","0,877","-5,14%"
"30.05.2018","0,939","0,848","0,957","0,848","9,65%"
"29.05.2018","0,856","0,917","0,941","0,767","-6,44%"
"28.05.2018","0,915","1,011","1,035","0,909","-7,20%"
"25.05.2018","0,986","1,043","1,048","0,970","-4,97%"
"24.05.2018","1,038","1,086","1,107","1,029","-4,40%"
"23.05.2018","1,085","1,114","1,118","1,062","-3,31%"
"22.05.2018","1,122","1,090","1,134","1,085","3,44%"
"21.05.2018","1,085","1,144","1,148","1,075","-4,83%"
"20.05.2018","1,140","1,138","1,140","1,138","0,00%"
"18.05.2018","1,140","1,197","1,203","1,135","-4,55%"
"17.05.2018","1,194","1,182","1,199","1,151","3,88%"
"16.05.2018","1,150","1,182","1,182","1,131","-2,42%"
"15.05.2018","1,178","1,151","1,184","1,145","3,28%"
"14.05.2018","1,141","1,103","1,150","1,094","3,64%"
"11.05.2018","1,101","1,101","1,113","1,086","-0,53%"
"10.05.2018","1,107","1,109","1,119","1,083","-0,31%"
"09.05.2018","1,110","1,116","1,137","1,107","-0,34%"
"08.05.2018","1,114","1,079","1,116","1,075","3,37%"
"07.05.2018","1,077","1,093","1,101","1,071","-1,91%"
"06.05.2018","1,098","1,098","1,098","1,098","0,00%"
"04.05.2018","1,098","1,087","1,105","1,077","0,87%"
"03.05.2018","1,089","1,122","1,139","1,079","-3,01%"
"02.05.2018","1,123","1,114","1,140","1,112","1,94%"
"01.05.2018","1,101","1,102","1,104","1,101","0,11%"
"30.04.2018","1,100","1,105","1,126","1,098","-0,61%"
"29.04.2018","1,107","1,107","1,107","1,107","0,41%"
"27.04.2018","1,102","1,117","1,121","1,091","-1,52%"
"26.04.2018","1,119","1,163","1,167","1,113","-3,65%"
"25.04.2018","1,162","1,165","1,184","1,156","0,13%"
"24.04.2018","1,160","1,161","1,194","1,148","-1,07%"
"23.04.2018","1,173","1,156","1,177","1,152","3,26%"
"20.04.2018","1,136","1,122","1,155","1,114","0,83%"
"19.04.2018","1,126","1,076","1,133","1,075","5,75%"
"18.04.2018","1,065","1,056","1,071","1,035","1,28%"
"17.04.2018","1,052","1,074","1,085","1,050","-2,27%"
"16.04.2018","1,076","1,066","1,104","1,065","1,66%"
"15.04.2018","1,058","1,058","1,058","1,058","-0,11%"
"14.04.2018","1,060","1,059","1,060","1,059","-0,16%"
"13.04.2018","1,061","1,064","1,085","1,055","-0,91%"
"12.04.2018","1,071","1,037","1,071","1,028","3,22%"
"11.04.2018","1,038","1,051","1,053","1,013","-1,14%"
"10.04.2018","1,050","1,052","1,060","1,035","-0,13%"
"09.04.2018","1,051","1,048","1,061","1,043","0,81%"
"08.04.2018","1,043","1,043","1,043","1,043","-0,25%"
"06.04.2018","1,045","1,061","1,070","1,036","-2,46%"
"05.04.2018","1,072","1,048","1,085","1,047","3,46%"
"04.04.2018","1,036","1,040","1,049","1,013","-0,33%"
"03.04.2018","1,039","1,027","1,064","1,023","0,38%"
"02.04.2018","1,035","1,039","1,039","1,035","-0,37%"
"31.03.2018","1,039","1,039","1,039","1,039","0,37%"
"30.03.2018","1,035","1,039","1,039","1,035","-0,26%"
"29.03.2018","1,038","1,037","1,053","1,029","0,62%"
"28.03.2018","1,032","1,018","1,039","0,999","0,43%"
"27.03.2018","1,027","1,057","1,063","1,025","-1,96%"
"26.03.2018","1,048","1,051","1,074","1,045","-0,10%"
"24.03.2018","1,049","1,047","1,049","1,047","-0,07%"
"23.03.2018","1,049","1,044","1,069","1,033","-0,49%"
"22.03.2018","1,055","1,091","1,095","1,040","-4,82%"
"21.03.2018","1,108","1,106","1,123","1,098","0,36%"
"20.03.2018","1,104","1,107","1,120","1,094","0,12%"
"19.03.2018","1,103","1,111","1,136","1,094","-0,72%"
"16.03.2018","1,111","1,117","1,128","1,100","-0,91%"
"15.03.2018","1,121","1,137","1,146","1,110","-1,84%"
"14.03.2018","1,142","1,152","1,182","1,132","-1,89%"
"13.03.2018","1,164","1,165","1,183","1,150","-0,45%"
"12.03.2018","1,169","1,197","1,204","1,164","-1,32%"
"09.03.2018","1,185","1,165","1,196","1,161","1,87%"
"08.03.2018","1,163","1,195","1,222","1,159","-2,07%"
"07.03.2018","1,188","1,207","1,223","1,183","-2,52%"
"06.03.2018","1,219","1,221","1,248","1,196","1,68%"
"05.03.2018","1,199","1,162","1,201","1,131","0,67%"
"02.03.2018","1,191","1,173","1,196","1,151","0,41%"
"01.03.2018","1,186","1,196","1,205","1,161","-1,01%"
"28.02.2018","1,198","1,208","1,223","1,195","-1,33%"
"27.02.2018","1,214","1,195","1,222","1,189","2,06%"
"26.02.2018","1,189","1,193","1,210","1,179","-0,97%"
"23.02.2018","1,201","1,271","1,271","1,199","-5,03%"
"22.02.2018","1,265","1,293","1,300","1,254","-0,85%"
"21.02.2018","1,276","1,290","1,296","1,255","-1,57%"
"20.02.2018","1,296","1,305","1,328","1,270","0,35%"
"19.02.2018","1,291","1,264","1,300","1,260","2,80%"
"18.02.2018","1,256","1,256","1,256","1,256","0,29%"
"16.02.2018","1,253","1,309","1,317","1,245","-3,84%"
"15.02.2018","1,303","1,314","1,340","1,288","0,13%"
"14.02.2018","1,301","1,279","1,312","1,262","1,66%"
"13.02.2018","1,280","1,267","1,290","1,243","0,45%"
"12.02.2018","1,274","1,287","1,298","1,256","1,35%"
"09.02.2018","1,257","1,262","1,291","1,225","-0,98%"
"08.02.2018","1,270","1,268","1,315","1,249","0,94%"
"07.02.2018","1,258","1,234","1,264","1,204","3,21%"
"06.02.2018","1,219","1,224","1,243","1,195","-3,35%"
"05.02.2018","1,261","1,297","1,301","1,247","-1,71%"
"02.02.2018","1,283","1,247","1,289","1,236","4,34%"
"01.02.2018","1,229","1,206","1,233","1,198","3,07%"
"31.01.2018","1,193","1,206","1,211","1,155","-1,23%"
"30.01.2018","1,208","1,201","1,225","1,186","0,62%"
"29.01.2018","1,200","1,151","1,209","1,138","5,98%"
"26.01.2018","1,133","1,138","1,151","1,104","-1,57%"
"25.01.2018","1,151","1,153","1,193","1,147","-1,72%"
"24.01.2018","1,171","1,144","1,184","1,144","2,05%"
"23.01.2018","1,147","1,157","1,160","1,123","-0,85%"
"22.01.2018","1,157","1,179","1,188","1,147","-0,69%"
"19.01.2018","1,165","1,173","1,188","1,150","0,97%"
"18.01.2018","1,154","1,146","1,176","1,145","2,01%"
"17.01.2018","1,131","1,132","1,138","1,111","-0,05%"
"16.01.2018","1,132","1,175","1,180","1,119","-4,00%"
"15.01.2018","1,179","1,160","1,182","1,150","1,72%"
"14.01.2018","1,159","1,159","1,159","1,159","0,00%"
"13.01.2018","1,159","1,159","1,159","1,159","-0,09%"
"12.01.2018","1,160","1,186","1,189","1,145","-1,49%"
"11.01.2018","1,178","1,138","1,198","1,125","1,32%"
"10.01.2018","1,163","1,182","1,187","1,145","0,42%"
"09.01.2018","1,158","1,114","1,161","1,095","4,32%"
"08.01.2018","1,110","1,111","1,133","1,088","-0,32%"
"05.01.2018","1,113","1,102","1,122","1,083","1,21%"
"04.01.2018","1,100","1,128","1,143","1,096","-0,93%"
"03.01.2018","1,110","1,154","1,161","1,098","-3,69%"
"02.01.2018","1,153","1,112","1,158","1,107","4,65%"
"01.01.2018","1,102","1,107","1,107","1,102","-0,20%"
"29.12.2017","1,104","1,096","1,117","1,083","1,39%"
"28.12.2017","1,089","1,047","1,092","1,041","3,96%"
"27.12.2017","1,047","1,087","1,087","1,035","-2,89%"
"26.12.2017","1,079","1,079","1,086","1,079","0,00%"
"25.12.2017","1,079","1,079","1,079","1,079","-0,64%"
"22.12.2017","1,086","1,081","1,088","1,062","1,11%"
"21.12.2017","1,074","1,081","1,104","1,071","0,00%"
"20.12.2017","1,074","1,041","1,097","1,029","2,95%"
"19.12.2017","1,044","0,975","1,051","0,967","8,43%"
"18.12.2017","0,962","0,942","0,969","0,937","1,84%"
"17.12.2017","0,945","0,944","0,945","0,944","0,08%"
"16.12.2017","0,944","0,944","0,944","0,944","-0,24%"
"15.12.2017","0,947","0,966","0,977","0,938","-2,75%"
"14.12.2017","0,973","0,996","1,014","0,972","-2,40%"
"13.12.2017","0,997","0,992","1,024","0,976","0,64%"
"12.12.2017","0,991","0,958","0,997","0,954","3,28%"
"11.12.2017","0,960","0,979","0,984","0,954","-2,17%"
"10.12.2017","0,981","0,982","0,982","0,981","-0,14%"
"09.12.2017","0,982","0,982","0,982","0,982","0,07%"
"08.12.2017","0,982","0,999","1,019","0,975","0,65%"
"07.12.2017","0,975","0,973","1,006","0,958","1,94%"
"06.12.2017","0,957","0,964","0,985","0,950","-2,10%"
"05.12.2017","0,977","1,000","1,014","0,977","-3,13%"
"04.12.2017","1,009","0,988","1,015","0,983","4,99%"
"01.12.2017","0,961","1,036","1,039","0,946","-6,74%"
"30.11.2017","1,030","1,060","1,075","1,027","-2,71%"
"29.11.2017","1,059","1,028","1,071","1,022","3,65%"
"28.11.2017","1,022","1,022","1,033","1,012","0,09%"
"27.11.2017","1,021","1,040","1,044","1,012","-1,65%"
"26.11.2017","1,038","1,038","1,038","1,038","0,00%"
"25.11.2017","1,038","1,038","1,038","1,038","0,10%"
"24.11.2017","1,037","1,027","1,055","1,018","1,54%"
"23.11.2017","1,021","1,025","1,037","1,015","-0,45%"
"22.11.2017","1,026","1,023","1,057","1,007","-1,21%"
"21.11.2017","1,038","1,069","1,075","1,029","-3,40%"
"20.11.2017","1,075","1,059","1,086","1,057","-0,66%"
"19.11.2017","1,082","1,082","1,082","1,082","0,43%"
"17.11.2017","1,077","1,099","1,117","1,077","-2,22%"
"16.11.2017","1,102","1,094","1,128","1,090","0,18%"
"15.11.2017","1,100","1,102","1,112","1,067","-2,19%"
"14.11.2017","1,125","1,150","1,165","1,117","-1,64%"
"13.11.2017","1,143","1,131","1,153","1,109","0,27%"
"10.11.2017","1,140","1,123","1,146","1,118","3,50%"
"09.11.2017","1,102","1,050","1,115","1,037","5,91%"
"08.11.2017","1,040","1,042","1,050","1,019","-0,39%"
"07.11.2017","1,044","1,055","1,071","1,040","-0,48%"
"06.11.2017","1,049","1,069","1,075","1,037","-2,19%"
"03.11.2017","1,073","1,078","1,084","1,056","-0,71%"
"02.11.2017","1,081","1,083","1,115","1,076","0,13%"
"01.11.2017","1,079","1,072","1,097","1,064","1,38%"
"31.10.2017","1,064","1,076","1,100","1,060","-1,93%"
"30.10.2017","1,085","1,119","1,126","1,081","-3,05%"
"29.10.2017","1,120","1,120","1,120","1,120","0,00%"
"28.10.2017","1,120","1,120","1,120","1,120","0,13%"
"27.10.2017","1,118","1,156","1,169","1,114","-1,23%"
"26.10.2017","1,132","1,169","1,182","1,127","-3,71%"
"25.10.2017","1,176","1,166","1,193","1,153","0,96%"
"24.10.2017","1,164","1,133","1,174","1,125","3,20%"
"23.10.2017","1,128","1,146","1,149","1,122","-1,98%"
"22.10.2017","1,151","1,151","1,151","1,151","-0,06%"
"20.10.2017","1,152","1,101","1,158","1,099","6,29%"
"19.10.2017","1,084","1,088","1,095","1,057","-0,40%"
"18.10.2017","1,088","1,052","1,090","1,041","2,78%"
"17.10.2017","1,059","1,072","1,078","1,048","-1,01%"
"16.10.2017","1,069","1,106","1,115","1,066","-3,32%"
"13.10.2017","1,106","1,133","1,140","1,093","-2,72%"
"12.10.2017","1,137","1,146","1,159","1,122","-1,23%"
"11.10.2017","1,151","1,141","1,155","1,128","2,46%"
"10.10.2017","1,124","1,135","1,152","1,115","-0,28%"
"09.10.2017","1,127","1,148","1,152","1,125","-1,57%"
"06.10.2017","1,145","1,143","1,189","1,134","0,00%"
"05.10.2017","1,145","1,144","1,155","1,108","0,30%"
"04.10.2017","1,141","1,145","1,152","1,097","-0,46%"
"03.10.2017","1,146","1,146","1,180","1,136","1,47%"
"02.10.2017","1,130","1,164","1,178","1,117","-1,03%"
"29.09.2017","1,142","1,168","1,179","1,133","-2,36%"
"28.09.2017","1,169","1,200","1,209","1,169","1,05%"
"27.09.2017","1,157","1,109","1,181","1,107","5,29%"
"26.09.2017","1,099","1,092","1,111","1,080","0,32%"
"25.09.2017","1,095","1,126","1,134","1,075","-2,54%"
"22.09.2017","1,124","1,123","1,149","1,117","-0,63%"
"21.09.2017","1,131","1,148","1,178","1,128","0,37%"
"20.09.2017","1,127","1,145","1,153","1,115","-1,58%"
"19.09.2017","1,145","1,151","1,158","1,117","-0,10%"
"18.09.2017","1,146","1,122","1,161","1,113","2,97%"
"15.09.2017","1,113","1,110","1,139","1,103","-0,09%"
"14.09.2017","1,114","1,110","1,129","1,091","1,00%"
"13.09.2017","1,103","1,106","1,114","1,083","-0,55%"
"12.09.2017","1,109","1,029","1,116","1,029","7,54%"
"11.09.2017","1,031","1,021","1,038","1,016","2,33%"
"08.09.2017","1,008","0,970","1,019","0,968","2,20%"
"07.09.2017","0,986","1,030","1,040","0,979","-2,40%"
"06.09.2017","1,010","1,008","1,026","0,997","-0,47%"
"05.09.2017","1,015","1,059","1,084","1,008","-3,90%"
"04.09.2017","1,056","1,056","1,070","1,043","-0,33%"
"01.09.2017","1,060","1,015","1,085","1,012","4,25%"
"31.08.2017","1,017","1,028","1,038","1,007","0,13%"
"30.08.2017","1,015","1,018","1,031","0,999","1,89%"
"29.08.2017","0,997","1,026","1,036","0,977","-5,00%"
"28.08.2017","1,049","1,045","1,061","1,035","0,86%"
"25.08.2017","1,040","1,034","1,072","1,031","1,40%"
"24.08.2017","1,026","1,024","1,042","1,016","-0,44%"
"23.08.2017","1,030","1,062","1,075","1,024","-2,48%"
"22.08.2017","1,056","1,043","1,074","1,041","0,58%"
"21.08.2017","1,050","1,061","1,068","1,037","-0,84%"
"18.08.2017","1,059","1,059","1,068","1,039","-1,54%"
"17.08.2017","1,076","1,076","1,104","1,074","-1,91%"
"16.08.2017","1,097","1,087","1,123","1,077","1,80%"
"15.08.2017","1,077","1,078","1,111","1,060","2,14%"
"14.08.2017","1,055","1,035","1,077","1,033","2,92%"
"11.08.2017","1,025","1,061","1,061","1,010","-3,03%"
"10.08.2017","1,057","1,078","1,090","1,045","-1,81%"
"09.08.2017","1,076","1,115","1,121","1,062","-4,41%"
"08.08.2017","1,126","1,115","1,137","1,104","1,51%"
"07.08.2017","1,109","1,114","1,142","1,104","-1,25%"
"04.08.2017","1,123","1,091","1,141","1,091","2,52%"
"03.08.2017","1,095","1,146","1,157","1,094","-3,90%"
"02.08.2017","1,140","1,141","1,162","1,135","-0,64%"
"01.08.2017","1,147","1,209","1,217","1,138","-4,82%"
"31.07.2017","1,206","1,227","1,243","1,199","-1,51%"
"28.07.2017","1,224","1,205","1,275","1,196","0,64%"
"27.07.2017","1,216","1,216","1,227","1,179","-1,20%"
"26.07.2017","1,231","1,230","1,236","1,204","-0,14%"
"25.07.2017","1,233","1,177","1,242","1,168","4,15%"
"24.07.2017","1,184","1,196","1,202","1,163","0,05%"
"21.07.2017","1,183","1,199","1,201","1,168","-0,99%"
"20.07.2017","1,195","1,186","1,222","1,178","0,48%"
"19.07.2017","1,189","1,212","1,219","1,175","-1,20%"
"18.07.2017","1,204","1,224","1,235","1,191","-1,64%"
"17.07.2017","1,224","1,234","1,238","1,205","-0,68%"
"14.07.2017","1,232","1,231","1,245","1,199","-1,05%"
"13.07.2017","1,245","1,224","1,258","1,192","0,87%"
"12.07.2017","1,234","1,260","1,262","1,214","-2,26%"
"11.07.2017","1,263","1,266","1,287","1,253","1,02%"
"10.07.2017","1,250","1,281","1,286","1,228","-2,15%"
"07.07.2017","1,278","1,259","1,288","1,240","1,86%"
"06.07.2017","1,254","1,193","1,274","1,191","5,99%"
"05.07.2017","1,183","1,199","1,228","1,175","-1,69%"
"04.07.2017","1,204","1,181","1,205","1,163","2,46%"
"03.07.2017","1,175","1,173","1,192","1,130","2,03%"
"30.06.2017","1,151","1,142","1,168","1,104","1,63%"
"29.06.2017","1,133","1,066","1,136","1,066","8,12%"
"28.06.2017","1,048","1,060","1,096","1,006","-0,28%"
"27.06.2017","1,051","0,951","1,054","0,936","11,62%"
"26.06.2017","0,941","0,962","0,963","0,918","-1,83%"
"23.06.2017","0,959","0,943","0,967","0,937","2,39%"
"22.06.2017","0,936","0,947","0,951","0,924","-1,52%"
"21.06.2017","0,951","0,969","0,974","0,934","-1,96%"
"20.06.2017","0,970","0,997","1,005","0,962","-2,70%"
"19.06.2017","0,997","1,009","1,025","0,992","-1,01%"
"16.06.2017","1,007","1,002","1,038","1,000","1,29%"
"15.06.2017","0,994","0,952","1,011","0,934","4,06%"
"14.06.2017","0,955","0,996","1,009","0,946","-4,81%"
"13.06.2017","1,004","1,003","1,025","0,996","0,38%"
"12.06.2017","1,000","1,025","1,027","0,997","-2,23%"
"09.06.2017","1,023","1,002","1,037","0,982","2,68%"
"08.06.2017","0,996","1,024","1,042","0,982","-3,59%"
"07.06.2017","1,033","1,031","1,036","0,988","1,80%"
"06.06.2017","1,015","1,045","1,049","0,998","-3,13%"
"05.06.2017","1,048","1,036","1,064","1,027","2,51%"
"02.06.2017","1,022","1,047","1,053","1,013","-2,84%"
"01.06.2017","1,052","1,063","1,076","1,043","-0,31%"
"31.05.2017","1,055","1,040","1,063","1,030","1,66%"
"30.05.2017","1,038","1,027","1,053","1,017","1,13%"
"29.05.2017","1,026","1,069","1,072","1,022","-2,34%"
"26.05.2017","1,051","1,085","1,103","1,040","-3,67%"
"25.05.2017","1,091","1,123","1,125","1,080","-3,46%"
"24.05.2017","1,130","1,131","1,142","1,102","-0,68%"
"23.05.2017","1,138","1,116","1,155","1,095","0,98%"
"22.05.2017","1,127","1,104","1,145","1,086","2,45%"
"19.05.2017","1,100","1,079","1,108","1,072","3,25%"
"18.05.2017","1,065","1,087","1,103","1,032","-2,23%"
"17.05.2017","1,089","1,129","1,144","1,086","-4,96%"
"16.05.2017","1,146","1,139","1,168","1,128","1,24%"
"15.05.2017","1,132","1,093","1,148","1,092","4,48%"
"12.05.2017","1,084","1,114","1,124","1,081","-3,15%"
"11.05.2017","1,119","1,133","1,149","1,107","0,87%"
"10.05.2017","1,109","1,127","1,145","1,082","-1,93%"
"09.05.2017","1,131","1,104","1,142","1,100","3,07%"
"08.05.2017","1,097","1,105","1,118","1,060","0,14%"
"05.05.2017","1,096","1,082","1,105","1,053","0,85%"
"04.05.2017","1,087","1,020","1,091","1,020","8,13%"
"03.05.2017","1,005","1,009","1,023","0,988","-0,85%"
"02.05.2017","1,014","1,020","1,037","0,994","0,88%"
"28.04.2017","1,005","0,977","1,044","0,976","3,46%"
"27.04.2017","0,971","1,019","1,035","0,966","-4,29%"
"26.04.2017","1,015","1,035","1,043","1,004","-1,23%"
"25.04.2017","1,027","0,988","1,046","0,978","5,79%"
"24.04.2017","0,971","0,946","1,006","0,946","11,81%"
"21.04.2017","0,868","0,851","0,874","0,842","0,96%"
"20.04.2017","0,860","0,813","0,882","0,803","5,07%"
"19.04.2017","0,819","0,791","0,828","0,788","5,35%"
"18.04.2017","0,777","0,810","0,831","0,776","-5,16%"
"13.04.2017","0,819","0,817","0,838","0,795","-2,57%"
"12.04.2017","0,841","0,854","0,876","0,836","-2,07%"
"11.04.2017","0,859","0,874","0,903","0,849","-1,75%"
"10.04.2017","0,874","0,919","0,921","0,873","-2,83%"
"07.04.2017","0,900","0,912","0,937","0,885","-4,43%"
"06.04.2017","0,941","0,928","0,956","0,924","-0,54%"
"05.04.2017","0,946","0,945","0,978","0,927","-0,14%"
"04.04.2017","0,948","0,970","0,973","0,918","-2,25%"
"03.04.2017","0,970","1,010","1,022","0,965","-4,11%"
"31.03.2017","1,011","1,014","1,029","0,997","0,05%"
"30.03.2017","1,011","1,018","1,029","0,995","-0,59%"
"29.03.2017","1,017","1,061","1,072","1,001","-2,43%"
"28.03.2017","1,042","1,055","1,064","1,021","-0,53%"
"27.03.2017","1,048","1,015","1,054","0,979","-0,24%"
"24.03.2017","1,050","1,079","1,094","1,048","-2,50%"
"23.03.2017","1,077","1,046","1,088","1,025","3,70%"
"22.03.2017","1,038","1,077","1,090","1,029","-5,76%"
"21.03.2017","1,102","1,101","1,141","1,076","0,94%"
"20.03.2017","1,092","1,077","1,121","1,067","1,30%"
"17.03.2017","1,078","1,114","1,131","1,070","-3,04%"
"16.03.2017","1,112","1,044","1,145","1,038","3,17%"
"15.03.2017","1,077","1,099","1,119","1,067","-1,97%"
"14.03.2017","1,099","1,163","1,183","1,094","-3,39%"
"13.03.2017","1,138","1,154","1,178","1,107","-1,11%"
"10.03.2017","1,150","1,173","1,198","1,148","0,95%"
"09.03.2017","1,140","1,092","1,153","1,079","5,04%"